,BLUE,GREEN,RED,NIR,SWIR,TEMPERATURE,NDVI,EVI,NDMI,SAVI,GCI,BGR,ELEVATION,SLOPE,DISTANCE_DRAINAGES,DISTANCE_SHORELINE,LAND_COVER,Name,confidence,vegetation,species,geometry
0,0.07959250000000001,0.11399500000000001,0.14116499999999998,0.25243,0.23362,311.58495733999996,0.28268906474113464,0.18513603508472443,0.28268906474113464,0.18677085638046265,1.2143954038619995,0.6982104182243347,293.0,15.070867538452148,329.78131846099427,19050.70127880266,1.0,C1-13,High,1,Woodland,POINT Z (887879.759117292 1335040.5189334075 0)
1,0.06439875,0.08446000000000001,0.11127250000000002,0.18218125,0.18317125,313.93997312,0.2408009171485901,0.1294660121202469,0.2408009171485901,0.1337731033563614,1.1543948650360107,0.7624913454055786,239.0,3.3636093139648438,90.5839417837198,19643.45595497994,1.0,C1-14,High,1,Woodland,POINT Z (886489.3491270917 1334592.159469005 0)
2,0.09881500000000001,0.1304675,0.16049750000000002,0.25027125,0.24974875000000002,314.98759625,0.21874478459358215,0.1524444967508316,0.21874478459358215,0.1478547751903534,0.920443594455719,0.7571364045143127,130.0,10.54465389251709,342.5218948266939,16441.245358981763,1.0,C1-15,High,1,Woodland,POINT Z (890530.121329471 1333813.8487306521 0)
3,0.1041225,0.144355,0.17455,0.26829749999999997,0.25557874999999997,312.05151707000005,0.21133869886398315,0.1525944173336029,0.21133869886398315,0.14897775650024414,0.8577480316162109,0.7211701273918152,102.0,0.9274099469184875,208.96366552285843,15975.602730528512,1.0,C1-16,High,1,Woodland,POINT Z (890347.297498092 1333082.3502199582 0)
4,0.12065000000000001,0.16416875,0.19688000000000003,0.30716875,0.3001975,312.03100895,0.21858040988445282,0.17398586869239807,0.21858040988445282,0.16461989283561707,0.8701895475387573,0.7347639799118042,216.0,9.622092247009277,562.4107512929414,16730.982872792792,1.0,C1-17,High,1,Woodland,POINT Z (889319.3766546021 1333217.1870436082 0)
5,0.12419749999999999,0.1681975,0.20475875,0.31506125,0.3324275,313.42556111,0.2114744782447815,0.17127057909965515,0.2114744782447815,0.16189131140708923,0.8721868991851807,0.7378861904144287,143.0,7.987430572509766,366.66456251317874,15921.575269001823,1.0,C1-18,High,1,Woodland,POINT Z (890000.6755433448 1332732.8013674133 0)
6,0.09591833333333333,0.14263166666666666,0.1898766666666667,0.2850633333333334,0.2916725,312.99318158,0.2008044719696045,0.13978338241577148,0.2008044719696045,0.14651726186275482,0.9998832941055298,0.6730342507362366,144.0,7.300621032714844,43.565229613633775,16397.99923667971,1.0,C1-20,High,1,Woodland,POINT Z (889075.5084982275 1332565.0553301303 0)
7,0.07880416666666666,0.10643250000000003,0.13454666666666668,0.20969499999999996,0.1966416666666667,314.2099967,0.2184358835220337,0.1319054365158081,0.2184358835220337,0.13347652554512024,0.9727904200553894,0.7406845688819885,159.0,4.6273674964904785,122.32149782159135,16961.064659050833,1.0,C1-21,High,1,Woodland,POINT Z (888483.2719999293 1332801.033867926 0)
8,0.08302083333333334,0.11614000000000001,0.1451525,0.22118083333333335,0.19072,312.8029118,0.20769771933555603,0.12936832010746002,0.20769771933555603,0.13157975673675537,0.9058915972709656,0.7155770063400269,233.0,8.750250816345215,377.0552235942587,17916.217895265945,1.0,C1-27,High,1,Woodland,POINT Z (887126.339577924 1332771.3540308157 0)
9,0.10395750000000001,0.13706749999999998,0.16348125000000002,0.2746225,0.26429625,313.84426856,0.25335055589675903,0.1877521276473999,0.25335055589675903,0.17696520686149597,1.0018541812896729,0.7562662959098816,171.0,1.3263243436813354,378.4516677845726,18351.89139743494,1.0,C1-1,High,1,Woodland,POINT Z (890446.6474128882 1336060.9751878034 0)
10,0.13265375000000001,0.1696,0.2017475,0.30051375,0.28643375,310.15622498,0.20453225076198578,0.16294550895690918,0.20453225076198578,0.1489633172750473,0.817726731300354,0.7762219905853271,180.0,1.3262864351272583,284.5818284773499,17342.32576771296,1.0,C1-2,High,1,Woodland,POINT Z (889784.1379941767 1334395.6377160512 0)
11,0.07403749999999999,0.09867749999999999,0.13050416666666667,0.21349000000000004,0.19085749999999999,314.11884949999995,0.24160224199295044,0.14399836957454681,0.24160224199295044,0.1475539356470108,1.1668620109558105,0.7499595284461975,186.0,7.762449264526367,231.15994545630988,17829.504166751685,1.0,C1-4,High,1,Woodland,POINT Z (887937.7961195293 1333449.1349408561 0)
12,0.07806624999999998,0.1072025,0.13501875000000002,0.23329,0.21850875,311.84643587,0.267894446849823,0.16853800415992737,0.267894446849823,0.1698213368654251,1.1828947067260742,0.7285685539245605,425.0,4.215331077575684,102.71093956721346,20652.327775701855,1.0,C1-7,High,1,Woodland,POINT Z (886499.8174545309 1335961.6946081656 0)
13,0.10515375000000002,0.13713625000000002,0.163,0.25578500000000004,0.26046,308.23358872999995,0.22600623965263367,0.16042807698249817,0.22600623965263367,0.1523328423500061,0.9070159196853638,0.7569736242294312,411.0,3.7881205081939697,301.2082129864964,20004.805949799345,1.0,C1-8,High,1,Woodland,POINT Z (886755.293284587 1335354.8547218805 0)
14,0.0761,0.10637750000000001,0.132585,0.23356500000000002,0.21431499999999998,311.91308726,0.2757886052131653,0.17310956120491028,0.2757886052131653,0.17487733066082,1.1956241130828857,0.7153768539428711,251.0,3.9733147621154785,290.0618857941063,19102.397176497925,1.0,C1-9,High,1,Woodland,POINT Z (889297.0892419475 1336210.4270066863 0)
15,0.10009375000000001,0.12679625,0.15613875,0.26121625,0.23384,311.09276246,0.25594162940979004,0.18158242106437683,0.25594162940979004,0.1723620742559433,1.0946581363677979,0.7871761918067932,247.0,9.092016220092773,220.27994786755212,19747.714887481146,1.0,C1-10,High,1,Woodland,POINT Z (889033.1916334662 1336824.3753610589 0)
16,0.09085375000000001,0.13221375,0.1544475,0.257765,0.2150025,314.06814887,0.25161296129226685,0.1722118854522705,0.25161296129226685,0.17008239030838013,0.951850414276123,0.6877371072769165,115.0,4.693713188171387,643.6435824706144,13520.871476606722,1.0,C1-28,Low,5,Shrubs,POINT Z (891962.7687378867 1331235.796887938 0)
18,0.09646833333333334,0.14299833333333334,0.17771250000000002,0.27577749999999995,0.24906583333333332,311.44823654,0.21714019775390625,0.1515779048204422,0.21714019775390625,0.15437515079975128,0.9360824823379517,0.6744987368583679,58.0,9.268616676330566,303.01994651993664,12585.227379145395,1.0,C1-30,Low,5,Shrubs,POINT Z (894368.7764323408 1331655.7419920992 0)
19,0.10604749999999999,0.15195875,0.18784625,0.29376250000000004,0.26677125,317.08455152,0.21999549865722656,0.1629025936126709,0.21999549865722656,0.16185340285301208,0.9363766312599182,0.6979360580444336,65.0,1.8543341159820557,313.0896798868562,14111.54588829521,1.0,C1-31,Low,5,Shrubs,POINT Z (895284.8694611385 1333929.3120376477 0)
20,0.09769666666666667,0.14404333333333333,0.18674166666666667,0.28065416666666665,0.27432,315.52707373999993,0.2006070613861084,0.14064204692840576,0.2006070613861084,0.14548343420028687,0.9487313032150269,0.6789354681968689,87.0,0.9274099469184875,580.0223046671792,15093.447287972176,1.0,C1-32,Low,5,Shrubs,POINT Z (891911.5208442822 1333133.7439653499 0)
21,0.08770499999999998,0.13217250000000003,0.1530725,0.25331,0.20534999999999998,315.98053106,0.24665801227092743,0.16552232205867767,0.24665801227092743,0.16588608920574188,0.9165106415748596,0.6635646820068359,55.0,3.3627874851226807,532.6741669178209,6608.0464703948355,1.0,C1-33,Low,5,Shrubs,POINT Z (887215.7865236113 1311395.4085671597 0)
22,0.1110525,0.15271500000000002,0.19089416666666667,0.2848525,0.2502575,312.69125648,0.19728559255599976,0.14706042408943176,0.19728559255599976,0.1442813128232956,0.8641789555549622,0.7265087962150574,49.0,2.936837911605835,389.86787799999155,7309.9583064250855,1.0,C1-34,Low,5,Shrubs,POINT Z (886366.9831618698 1310393.4874941956 0)
23,0.1018675,0.14056,0.1781708333333333,0.24394166666666664,0.25934166666666664,316.25853002,0.15557807683944702,0.10609607398509979,0.15557807683944702,0.10679028928279877,0.7381314635276794,0.7263521552085876,68.0,4.997143268585205,107.76864008712279,14312.20917139984,1.0,C1-35,Low,5,Shrubs,POINT Z (879685.4483476959 1313137.4752579718 0)
24,0.2303383333333333,0.3086583333333333,0.3667475,0.4330958333333334,0.45923,317.70435247999995,0.0829225480556488,0.08699490129947662,0.0829225480556488,0.07653111219406128,0.4029048979282379,0.7460830807685852,133.0,0.9274099469184875,73.81374310976747,21913.2612907036,1.0,C2-1,High,2,Desert,POINT Z (882163.3199727645 1332999.3564549678 0)
25,0.2440791666666667,0.3336558333333333,1.1916833333333334,0.4701933333333334,0.4547933333333334,310.58005946,-0.33086803555488586,-0.17598898708820343,-0.33086803555488586,-0.40702494978904724,0.4068017899990082,0.7326135039329529,103.0,8.497309684753418,361.41764320149457,18983.159732779874,5.0,C2-2,High,2,Desert,POINT Z (884530.8604255025 1331277.9698313859 0)
26,0.1168825,0.21289875,0.28008125,0.32912749999999996,0.363585,317.62288966999995,0.08064635097980499,0.05751756578683853,0.08064635097980499,0.06635972857475281,0.5456398725509644,0.5488269925117493,93.0,2.8422513008117676,219.98380772266523,19442.598108604852,5.0,C2-3,High,2,Desert,POINT Z (882447.2418184814 1328465.0984219513 0)
27,0.13457875,0.2434375,0.31959875,0.36464375,0.42698625,317.18880113,0.06581756472587585,0.049551233649253845,0.06581756472587585,0.05704760551452637,0.4980999529361725,0.5528160333633423,63.0,11.553979873657227,210.85992680986467,17314.199268485896,5.0,C2-4,High,2,Desert,POINT Z (884260.6630194506 1327338.15408817 0)
29,0.1249125,0.20857666666666666,0.27970083333333334,0.3367908333333334,0.35867166666666667,317.44686164,0.09231413155794144,0.06845993548631668,0.09231413155794144,0.0764303132891655,0.6135929226875305,0.598098874092102,86.0,1.3261374235153198,520.5031647040903,20891.851309747413,5.0,C2-6,High,2,Desert,POINT Z (880543.8199901369 1327684.5812978144 0)
30,0.10505750000000003,0.16665750000000001,0.2180825,0.2750625,0.30597250000000004,315.22173062,0.11554411053657532,0.0793316513299942,0.11554411053657532,0.08605994284152985,0.6504657864570618,0.6303796768188477,91.0,7.052350044250488,570.4169981105534,21035.86932208803,5.0,C2-7,High,2,Desert,POINT Z (879965.2650835965 1326468.970414862 0)
31,0.11645625000000001,0.18885000000000002,0.24169125,0.26776125,0.26464,316.60431971,0.0510745495557785,0.03529909998178482,0.0510745495557785,0.038696639239788055,0.41786861419677734,0.6168512105941772,64.0,4.818850040435791,141.87828538246544,18376.31311292598,5.0,C2-8,High,2,Desert,POINT Z (882127.2589257881 1324575.2637475224 0)
32,0.15316875,0.26201375,0.3418875,0.39780875000000004,0.48569874999999996,316.07452661,0.07559235394001007,0.06075993925333023,0.07559235394001007,0.06764574348926544,0.5183581113815308,0.5844507813453674,61.0,7.595343589782715,814.864460420507,19516.18392166501,5.0,C2-9,High,2,Desert,POINT Z (877320.9121243514 1320815.69215257 0)
33,0.14347500000000002,0.24692999999999998,0.32545625,0.38048375,0.46020625000000004,318.79527053000004,0.07790679484605789,0.060911428183317184,0.07790679484605789,0.06840147823095322,0.5407322645187378,0.5809275507926941,93.0,10.474690437316895,221.22077749267518,27436.848285731397,5.0,C2-10,High,2,Desert,POINT Z (871156.176864947 1325858.621288678 0)
34,0.14129333333333335,0.22420583333333335,0.3024708333333333,0.3549408333333333,0.32233500000000004,312.2161517,0.07980728149414062,0.06216367334127426,0.07980728149414062,0.06799793988466263,0.5834787487983704,0.630300760269165,5.0,2.7802884578704834,1096.4663150538604,737.6017158355377,5.0,C2-11,High,2,Desert,POINT Z (902305.3495379859 1317932.6870009853 0)
35,0.12945,0.22435249999999998,0.3039191666666667,0.3513291666666667,0.39706166666666665,315.60340952,0.07251090556383133,0.053806617856025696,0.07251090556383133,0.061575997620821,0.5653644800186157,0.5768628120422363,9.0,1.3259788751602173,525.7858481909352,1836.7785623611678,5.0,C2-12,High,2,Desert,POINT Z (898417.375740317 1320909.1936775388 0)
36,0.16120333333333334,0.23713083333333337,0.30691666666666667,0.36310833333333337,0.36893833333333337,315.64898311999997,0.08388020098209381,0.07040026038885117,0.08388020098209381,0.07204373925924301,0.5314180850982666,0.6796309947967529,3.0,0.0,1898.9151444783226,547.9110118264745,5.0,C2-13,High,2,Desert,POINT Z (905771.2032349888 1320056.8762424926 0)
37,0.1494975,0.25800333333333336,0.3393025,0.38154250000000006,0.4553066666666667,314.6144624,0.058675382286310196,0.046044301241636276,0.058675382286310196,0.05193464457988739,0.4792417287826538,0.5796043872833252,5.0,2.6506471633911133,189.25163641041868,1310.8268259063677,5.0,C2-14,High,2,Desert,POINT Z (907666.9102554452 1323445.075654362 0)
38,0.12593916666666669,0.22338083333333336,0.3012791666666667,0.32932,0.36824166666666663,314.59395428,0.04450085386633873,0.031998466700315475,0.04450085386633873,0.03721518814563751,0.4741455316543579,0.563838541507721,16.0,2.109856367111206,132.16517045191563,3102.3088609811343,5.0,C2-16,High,2,Desert,POINT Z (906149.8767064961 1324576.4918764117 0)
39,0.15798583333333335,0.25177916666666667,0.321785,0.3728708333333333,0.40365249999999997,313.02736178,0.07417399436235428,0.06041963770985603,0.07417399436235428,0.06415470689535141,0.4909665286540985,0.6169492602348328,33.0,15.261428833007812,508.9156444373542,4778.036958910086,5.0,C2-17,High,2,Desert,POINT Z (897708.6337555696 1324552.1694731745 0)
40,0.13617375,0.21262375000000003,0.27117125,0.32426,0.32940250000000004,309.60421475,0.09003087878227234,0.06888498365879059,0.09003087878227234,0.072727270424366,0.5414156317710876,0.6252104043960571,24.0,4.722659587860107,90.20933822165019,6745.5280975680525,5.0,C2-18,High,2,Desert,POINT Z (896935.3149795007 1326367.3479891685 0)
41,0.12770374999999998,0.24588500000000002,0.32482375,0.37882,0.44222125,316.88117933,0.07666606456041336,0.056940190494060516,0.07666606456041336,0.06724369525909424,0.5403809547424316,0.5191354751586914,37.0,7.5418009757995605,617.0058195985774,8308.412883695726,5.0,C2-19,High,2,Desert,POINT Z (898630.0174853706 1329078.232897174 0)
42,0.11164374999999999,0.19014250000000002,0.25813625,0.2975025,0.360945,314.25784898,0.07087825238704681,0.049012839794158936,0.07087825238704681,0.05594726651906967,0.5647110939025879,0.587159276008606,7.0,6.732396125793457,342.40743074977786,3012.1714845197007,5.0,C2-20,High,2,Desert,POINT Z (896667.5109908637 1318728.792863704 0)
43,0.13825,0.251275,0.34129625,0.4046425,0.48270124999999997,316.26935375,0.08486051857471466,0.06553545594215393,0.08486051857471466,0.07621820271015167,0.6101208329200745,0.5500117540359497,52.0,4.213582515716553,304.34770338119614,13260.50532551771,2.0,C2-21,High,2,Desert,POINT Z (885402.8197963433 1320539.1847619708 0)
44,0.12425249999999999,0.21163375,0.27878875000000003,0.32493374999999997,0.34518750000000004,315.41826677,0.07637940347194672,0.05579175800085068,0.07637940347194672,0.06265179812908173,0.5350592136383057,0.5870463848114014,71.0,4.693531513214111,398.38540827004044,13625.982549469943,5.0,C2-22,High,2,Desert,POINT Z (889895.2989812342 1329424.6326442969 0)
45,0.12054000000000001,0.20156875000000002,0.26404875000000005,0.3066875,0.2834225,315.8677364,0.07465009391307831,0.053619783371686935,0.07465009391307831,0.05968685448169708,0.5216894745826721,0.5977877974510193,57.0,2.650996446609497,641.9497262578151,12354.181940360415,2.0,C2-25,High,2,Desert,POINT Z (893678.8535867907 1330996.789935233 0)
46,0.13435875,0.23327625,0.3002525,0.34591625000000004,0.3994725,316.6367909,0.07052911818027496,0.053329888731241226,0.07052911818027496,0.05968618020415306,0.48256564140319824,0.5758322477340698,67.0,8.275335311889648,322.6721925739304,14102.291829532187,5.0,C2-26,High,2,Desert,POINT Z (894059.8680316609 1333210.0358549468 0)
47,0.1281575,0.21317375000000002,0.284165,0.32046500000000006,0.3174125,316.23688255999997,0.06003608554601669,0.04399174451828003,0.06003608554601669,0.04929224029183388,0.5032878518104553,0.601191520690918,74.0,10.601531982421875,228.98077697346122,14320.739980140323,5.0,C2-27,High,2,Desert,POINT Z (897826.338077652 1335168.1043000997 0)
48,0.14357583333333332,0.22283083333333334,0.2867041666666667,0.34307,0.3571866666666667,315.20122250000003,0.0895746573805809,0.07096581161022186,0.0895746573805809,0.07466915994882584,0.5431669354438782,0.6380614042282104,80.0,4.722721576690674,551.3661627226243,15758.50731642948,5.0,C2-28,High,2,Desert,POINT Z (896386.0338191595 1336229.973894826 0)
49,0.14155,0.20249,0.24266749999999998,0.2721475,0.355115,314.2270868,0.05726328864693642,0.04422369226813316,0.05726328864693642,0.04357444494962692,0.34400463104248047,0.6990468502044678,52.0,2.1091959476470947,160.51938288836976,8075.449501115694,5.0,C2-30,High,2,Desert,POINT Z (886011.6890883034 1312608.165106636 0)
50,0.11546166666666667,0.17619083333333332,0.22610333333333332,0.2603316666666667,0.338835,318.10881818,0.07029325515031815,0.04881444200873375,0.07029325515031815,0.052017055451869965,0.477565199136734,0.6553524136543274,64.0,6.30510139465332,121.22205123709695,14627.865995013824,5.0,C2-31,High,2,Desert,POINT Z (879519.3566356928 1313879.240085569 0)
51,0.06096583333333335,0.0806925,0.078135,0.1915266666666667,0.05396249999999999,303.84428138,0.4208744764328003,0.23565435409545898,0.4208744764328003,0.22103562951087952,1.3934582471847534,0.7555445432662964,-1.0,2.9368457794189453,1138.2408413529447,166.44725266207217,8.0,C3-1,High,3,Mangrove,POINT Z (897518.2093569357 1311354.9628853195 0)
52,0.0568775,0.07623749999999999,0.06442624999999999,0.27770249999999996,0.040281250000000005,303.57311846000005,0.6238903999328613,0.4307750165462494,0.6238903999328613,0.37996941804885864,2.649630069732666,0.7439965605735779,3.0,8.274081230163574,578.928723169134,43.70075221355883,20.0,C3-2,High,3,Mangrove,POINT Z (896300.8396473837 1310942.183240758 0)
53,0.05316499999999999,0.07100333333333335,0.05757416666666667,0.28019583333333337,0.037673333333333336,302.22641858000003,0.6587579250335693,0.4532783031463623,0.6587579250335693,0.3984195291996002,2.978517770767212,0.7477132678031921,3.0,3.390575647354126,1055.98773698549,154.21643302078365,20.0,C3-3,High,3,Mangrove,POINT Z (896032.436122311 1310523.3074757615 0)
54,0.06393583333333332,0.08667833333333336,0.08410250000000001,0.21741333333333335,0.06050749999999999,304.22709962,0.4421079158782959,0.2680618464946747,0.4421079158782959,0.24942485988140106,1.524735689163208,0.7366765141487122,1.0,0.0,475.31044629074967,163.6706711561717,8.0,C3-4,High,3,Mangrove,POINT Z (896174.9983666139 1311098.9837458301 0)
55,0.06325750000000001,0.08070166666666667,0.07332249999999997,0.20553333333333335,0.05245916666666666,304.75461404000004,0.4752368927001953,0.28241151571273804,0.4752368927001953,0.25479820370674133,1.5611307621002197,0.7837442755699158,-2.0,2.1091268062591553,820.7503044724276,50.1343623172648,8.0,C3-5,High,3,Mangrove,POINT Z (898616.4417943724 1311522.0045667605 0)
56,0.06690583333333333,0.08331416666666668,0.07756666666666666,0.19918999999999998,0.05486083333333334,304.91981834,0.44010213017463684,0.26157301664352417,0.44010213017463684,0.23496535420417786,1.4037609100341797,0.8035082221031189,-3.0,2.9877214431762695,869.5498625965574,129.3225573466796,8.0,C3-6,High,3,Mangrove,POINT Z (898107.3405463105 1311515.1898794088 0)
57,0.06455,0.09412625,0.09258624999999998,0.21221125000000002,0.05695999999999998,305.99991266,0.3938045799732208,0.2332669198513031,0.3938045799732208,0.22318676114082336,1.2586760520935059,0.6848052740097046,6.0,2.6504392623901367,672.7007290767315,125.16999936804935,2.0,C3-7,High,3,Mangrove,POINT Z (901833.2003251163 1318768.2494493255 0)
58,0.059489999999999994,0.07473416666666667,0.06864750000000001,0.20044583333333335,0.07261666666666666,304.35014834,0.49069783091545105,0.2822975814342499,0.49069783091545105,0.2571958005428314,1.7091354131698608,0.7926313281059265,8.0,2.650475263595581,1022.9464627100216,220.38447072546305,2.0,C3-8,High,3,Mangrove,POINT Z (903152.4115469141 1319571.811737858 0)
59,0.06135999999999999,0.08040833333333332,0.07440416666666666,0.20170166666666667,0.05651083333333332,305.10211274,0.4626695215702057,0.2681174874305725,0.4626695215702057,0.2462797909975052,1.549458384513855,0.7659985423088074,9.0,2.0822317600250244,1319.1074875814704,105.9576988474443,21.0,C3-9,High,3,Mangrove,POINT Z (904317.8141649833 1320059.9589362338 0)
60,0.057620000000000005,0.08515666666666667,0.07785083333333333,0.21106083333333334,0.056409999999999995,303.91264178,0.46186894178390503,0.2671879529953003,0.46186894178390503,0.25341230630874634,1.503861665725708,0.6732686161994934,8.0,0.9478302001953125,1138.333847328501,132.31560324796476,2.0,C3-10,High,3,Mangrove,POINT Z (901754.1139452872 1319922.9343085038 0)
61,0.0635325,0.08080249999999999,0.07878583333333333,0.1811866666666667,0.05553,304.40825467999997,0.3945726752281189,0.2176504135131836,0.3945726752281189,0.2022104114294052,1.256520390510559,0.7874982953071594,-4.0,2.8405942916870117,692.0735182704348,119.51721621784725,8.0,C3-11,High,3,Mangrove,POINT Z (896911.0054877505 1311088.4353296435 0)
62,0.05407250000000001,0.07417499999999999,0.060892500000000016,0.2648875,0.031825000000000006,302.40415562,0.6259065866470337,0.41615426540374756,0.6259065866470337,0.3704781234264374,2.598586082458496,0.72789067029953,-1.0,2.1090595722198486,1291.6739636733082,120.52327905719511,8.0,C3-12,High,3,Mangrove,POINT Z (896003.0996255979 1310294.3895961542 0)
63,0.05577749999999998,0.07813500000000001,0.08682499999999999,0.23078749999999998,0.09650500000000001,307.70550463999996,0.45326459407806396,0.2699149250984192,0.45326459407806396,0.26411503553390503,1.9537019729614258,0.7138606309890747,15.0,2.9880616664886475,154.73044619427745,7009.138272415999,2.0,C4-1,High,4,Thorn,POINT Z (888882.5573808609 1315222.0062514895 0)
64,0.07056333333333333,0.10083166666666667,0.10919166666666667,0.24557333333333334,0.1347941666666667,306.22322330000003,0.3834703266620636,0.2487386018037796,0.3834703266620636,0.23880447447299957,1.4523078203201294,0.6982012987136841,15.0,1.3258613348007202,95.95924265008608,7452.815937093295,2.0,C4-2,High,4,Thorn,POINT Z (888624.4531228688 1315581.0237118967 0)
65,0.05885749999999998,0.08197125000000002,0.08056875,0.24754875,0.09169250000000001,307.57561988,0.5062956809997559,0.323071151971817,0.5062956809997559,0.3014192581176758,2.0125691890716553,0.7188994884490967,14.0,3.390928030014038,164.57355879938441,6585.844434719133,1.0,C4-3,High,4,Thorn,POINT Z (889209.212112104 1314950.1460761786 0)
66,0.08345624999999998,0.10779375000000002,0.12137875000000001,0.24870375,0.14676125,307.9721102,0.35600125789642334,0.23652620613574982,0.35600125789642334,0.22134330868721008,1.405508279800415,0.7717826962471008,13.0,2.7802884578704834,37.46779597477771,6354.706275167636,2.0,C4-4,High,4,Thorn,POINT Z (889292.4557531461 1314692.0012541346 0)
67,0.05882999999999999,0.08756750000000002,0.09194000000000002,0.26926,0.10148249999999998,308.08832287999996,0.49091917276382446,0.32130753993988037,0.49091917276382446,0.308848112821579,2.074885129928589,0.67182457447052,15.0,1.3258564472198486,100.39268202207049,7670.533463765132,2.0,C4-5,High,4,Thorn,POINT Z (888079.6475243599 1315320.3511445818 0)
68,0.05833499999999999,0.08285583333333334,0.08713666666666668,0.2513758333333333,0.10448,308.56342766,0.48440471291542053,0.30696070194244385,0.48440471291542053,0.29330164194107056,2.075669527053833,0.701047420501709,9.0,2.1098599433898926,38.854947329745094,3317.4164103384037,1.0,C4-6,High,4,Thorn,POINT Z (902692.5442098278 1324581.966770057 0)
69,0.06260666666666666,0.095405,0.10380166666666667,0.26287083333333333,0.12802916666666667,309.29602328,0.4336753785610199,0.28066110610961914,0.4336753785610199,0.27520740032196045,1.776329517364502,0.6546932458877563,7.0,2.082279920578003,26.03409618964674,2164.3806361581665,1.0,C4-7,High,4,Thorn,POINT Z (902653.5515991247 1323371.4690626273 0)
70,0.06378916666666666,0.10070333333333333,0.11067666666666666,0.2949541666666667,0.14342000000000002,310.59714956,0.45500317215919495,0.3115898668766022,0.45500317215919495,0.3054135739803314,1.9503666162490845,0.6305734515190125,9.0,2.841886520385742,48.88901325878449,3533.685100748955,1.0,C4-8,High,4,Thorn,POINT Z (902247.0015219679 1324869.5908514624 0)
71,0.07212166666666668,0.11766166666666666,0.133795,0.27528250000000004,0.1845325,311.92448066000003,0.34532904624938965,0.23184995353221893,0.34532904624938965,0.23325668275356293,1.3566381931304932,0.6130610108375549,18.0,5.424032688140869,0.0008024245360331359,5958.621137265767,1.0,C4-9,High,4,Thorn,POINT Z (900225.9292670367 1327128.9184949656 0)
72,0.08115999999999998,0.10991124999999999,0.12931250000000002,0.2444825,0.1730375,311.44823654000004,0.30838829278945923,0.20376542210578918,0.30838829278945923,0.19777646660804749,1.2345457077026367,0.7364372611045837,19.0,2.6509056091308594,102.4235280431829,5106.910017273149,1.0,C4-10,High,4,Thorn,POINT Z (908466.9000985082 1329201.2497124986 0)
73,0.08120125,0.12129625000000002,0.13955625000000002,0.27265625000000004,0.18498625,311.65844476999996,0.32338011264801025,0.22173945605754852,0.32338011264801025,0.21897457540035248,1.2504137754440308,0.6688141822814941,24.0,2.110138177871704,68.42325864556622,5553.577282828872,1.0,C4-11,High,4,Thorn,POINT Z (908208.6959550541 1329547.6539043512 0)
74,0.10223416666666667,0.15512583333333332,0.18653083333333334,0.3029291666666667,0.27729000000000004,314.06643986,0.23718960583209991,0.17566785216331482,0.23718960583209991,0.17615880072116852,0.9524130821228027,0.6588263511657715,12.0,2.0823581218719482,55.196831397912696,4409.185190156937,1.0,C4-12,High,4,Thorn,POINT Z (909214.064520234 1328917.0138536298 0)
75,0.07746125000000001,0.1136375,0.1343175,0.25432750000000004,0.18528875,313.9878254,0.3101944029331207,0.20344425737857819,0.3101944029331207,0.20292314887046814,1.242912769317627,0.6808272004127502,28.0,3.972979784011841,10.614121633062211,8100.458940984626,2.0,C4-13,High,4,Thorn,POINT Z (906582.1668934764 1331532.3657827836 0)
76,0.07556374999999999,0.10843999999999998,0.12544875,0.2663175,0.171305,318.704693,0.36142081022262573,0.24257060885429382,0.36142081022262573,0.2372179627418518,1.462022304534912,0.6938266754150391,47.0,2.08223032951355,16.896534787585452,20099.894871959124,2.0,C4-14,High,4,Thorn,POINT Z (875915.102375028 1319582.1457413898 0)
77,0.07979875,0.10974624999999999,0.13251625,0.2339775,0.1831575,313.24098803000004,0.2782580852508545,0.17745442688465118,0.2782580852508545,0.1757567673921585,1.1324132680892944,0.7266987562179565,60.0,0.0,28.13025786125596,23991.806712249156,1.0,C4-15,High,4,Thorn,POINT Z (873259.3069889462 1322761.9823401738 0)
78,0.07002249999999999,0.09556999999999999,0.10207833333333333,0.24125583333333336,0.11915583333333334,307.6644884,0.40538686513900757,0.26223719120025635,0.40538686513900757,0.24739384651184082,1.5449763536453247,0.7313310503959656,14.0,2.082153797149658,174.98903850536047,6079.614578606047,20.0,C4-16,High,4,Thorn,POINT Z (889406.3504198076 1314418.4255696598 0)
79,0.08163666666666669,0.11328916666666666,0.12228166666666666,0.24907500000000002,0.15479583333333333,307.5277676,0.34107330441474915,0.23115725815296173,0.34107330441474915,0.21763679385185242,1.2021273374557495,0.7168775200843811,11.0,2.0821521282196045,12.285839248971435,5591.87607721905,1.0,C4-17,High,4,Thorn,POINT Z (889965.0850701166 1314299.5877126371 0)
80,0.06159375,0.0838275,0.08324999999999999,0.2634575,0.09671125,306.78776627,0.516889214515686,0.345970094203949,0.516889214515686,0.31793129444122314,2.1368117332458496,0.7340444326400757,16.0,2.1093223094940186,143.93419925843375,6735.232817614875,3.0,C4-18,High,4,Thorn,POINT Z (888930.2453248445 1314870.6374251533 0)
81,0.08194374999999998,0.12810249999999998,0.14245750000000001,0.32610249999999996,0.1798575,310.20920429,0.39061397314071655,0.29437384009361267,0.39061397314071655,0.28392624855041504,1.5648422241210938,0.6390349864959717,21.0,5.626994609832764,18.018351474423156,6544.9772864689185,1.0,C4-19,High,4,Thorn,POINT Z (907472.4029377548 1330245.8932477061 0)
82,0.0563825,0.08041749999999998,0.0783275,0.2494325,0.09400249999999999,306.91936004,0.5220435857772827,0.32992905378341675,0.5220435857772827,0.3100627064704895,2.1017191410064697,0.7011222839355469,13.0,3.7856295108795166,77.0907681197947,7206.280819373381,2.0,C4-21,High,4,Thorn,POINT Z (889026.7037607832 1315625.3455940466 0)
83,0.06063125,0.0896575,0.08870875,0.26810500000000004,0.10028625,306.03580187,0.5053073167800903,0.33341148495674133,0.5053073167800903,0.3144104778766632,2.0295329093933105,0.6745144128799438,15.0,2.1093811988830566,170.65897124686688,7834.25740678256,3.0,C4-22,High,4,Thorn,POINT Z (888430.2420788708 1315940.2497637009 0)
84,0.05866500000000002,0.0836075,0.08836500000000003,0.22358250000000002,0.10879749999999999,307.3055963,0.43346235156059265,0.25730523467063904,0.43346235156059265,0.24980217218399048,1.674191951751709,0.7016714811325073,18.0,2.0821683406829834,85.20172940509195,7348.873188347795,2.0,C4-20,High,4,Thorn,POINT Z (888573.0426134776 1315394.9580871437 0)
85,0.1774008333333333,0.2667025,0.33152916666666665,0.3659316666666667,0.45462833333333336,314.70788827999996,0.049349863082170486,0.042427729815244675,0.049349863082170486,0.04304790124297142,0.37461239099502563,0.6642498970031738,80.0,6.532799243927002,157.65904249584992,20248.767203198055,5.0,C2-32,High,2,Desert,POINT Z (874389.7205012101 1316396.0181044892 0)
86,0.0995575,0.1409725,0.1702325,0.23593,0.23967000000000002,316.39069345999997,0.1619480848312378,0.10872141271829605,0.1619480848312378,0.10875958204269409,0.675431489944458,0.7064837217330933,98.0,4.997233867645264,192.9878336497619,21530.665218360806,1.0,C5-1,High,5,Shrubs,POINT Z (872315.5437203757 1316906.9818363995 0)
87,0.10103333333333332,0.13624250000000002,0.16449416666666666,0.22136416666666667,0.21128999999999998,312.4326263,0.14794360101222992,0.09808745235204697,0.14794360101222992,0.09636618942022324,0.6267101168632507,0.7413840293884277,169.0,25.297576904296875,119.61085313552604,23090.497616718367,1.0,C5-2rev,High,5,Shrubs,POINT Z (869790.8314283439 1317947.7615472705 0)
88,0.0839925,0.11920625000000001,0.13937750000000002,0.21710625,0.18688375,316.75129457,0.21925446391105652,0.13676613569259644,0.21925446391105652,0.13632544875144958,0.8214776515960693,0.7040673494338989,98.0,0.0,465.40476607992457,22095.58661704199,1.0,C5-3,High,5,Shrubs,POINT Z (871082.0170872887 1317162.2125763916 0)
89,0.13238333333333333,0.22065833333333332,0.29774083333333334,0.366225,0.42722,319.92264746,0.10352182388305664,0.0792960673570633,0.10352182388305664,0.0882645770907402,0.6614038348197937,0.6002885699272156,79.0,8.735620498657227,206.2020475901167,10868.994238358471,1.0,C5-4,High,5,Shrubs,POINT Z (883288.4097896069 1313252.6622056284 0)
90,0.11410500000000001,0.18566,0.25144,0.31026250000000005,0.36749000000000004,314.95512506,0.1047218069434166,0.07490964978933334,0.1047218069434166,0.0831059068441391,0.6711327433586121,0.6145911812782288,74.0,4.997119903564453,431.8466048531979,11013.038159697413,1.0,C5-5,High,5,Shrubs,POINT Z (882853.0973111662 1312181.6099630408 0)
91,0.12762583333333333,0.18588916666666666,0.2331983333333333,0.29136083333333335,0.3057891666666666,314.69535554,0.11058245599269867,0.08379200845956802,0.11058245599269867,0.08498406410217285,0.5666281580924988,0.6861644387245178,83.0,6.758090019226074,510.6273516417737,9410.002846393034,1.0,C5-6,High,5,Shrubs,POINT Z (885014.3266129044 1313781.0378443988 0)
92,0.09651874999999999,0.16408625,0.22299125,0.30554625,0.3583325,315.14140714999996,0.15625077486038208,0.10751006007194519,0.15625077486038208,0.12041476368904114,0.8634721040725708,0.5873534679412842,41.0,6.225091934204102,539.5706717796199,6644.054927586441,1.0,C5-7,High,5,Shrubs,POINT Z (896352.143855152 1325888.2132157374 0)
93,0.09933750000000002,0.16489749999999997,0.22473749999999998,0.3115275,0.37593250000000006,315.88824452,0.16184163093566895,0.11330752819776535,0.16184163093566895,0.12562906742095947,0.8892190456390381,0.6024196743965149,40.0,2.109968423843384,414.22925001053903,7032.122096937584,1.0,C5-8,High,5,Shrubs,POINT Z (896405.5132874949 1326413.5320458473 0)
94,0.13451,0.19063750000000002,0.23308375,0.32358625,0.34093875,308.57880875,0.1704390048980713,0.132087841629982,0.1704390048980713,0.13047108054161072,0.7503070831298828,0.6835224032402039,59.0,1.3260977268218994,204.9946241333483,7382.719077187095,1.0,C5-9,High,5,Shrubs,POINT Z (895440.9480516252 1326143.0171224487 0)
95,0.10189500000000001,0.1678675,0.21911375,0.30278249999999995,0.34183250000000004,317.32381292,0.1600876748561859,0.11280566453933716,0.1600876748561859,0.12268641591072083,0.803787112236023,0.606951117515564,67.0,2.9890360832214355,230.01409673807362,11560.697530694391,1.0,C5-10,High,5,Shrubs,POINT Z (890086.0880563145 1326095.100303569 0)
96,0.08854375,0.14705,0.19947875,0.29911125000000005,0.3155425,314.28690215,0.20090556144714355,0.1361013650894165,0.20090556144714355,0.14983761310577393,1.0379694700241089,0.6013386249542236,58.0,2.7802884578704834,297.5720079317888,9931.292682594456,1.0,C5-11,High,5,Shrubs,POINT Z (891349.4836251857 1324999.4201258023 0)
97,0.07588916666666666,0.10080416666666665,0.12373916666666668,0.18957416666666668,0.1710666666666667,311.1508688,0.20987394452095032,0.12078393250703812,0.20987394452095032,0.12130969017744064,0.881767988204956,0.7533214688301086,244.0,19.150943756103516,711.765483872159,20434.04268001659,1.0,C5-12,High,1,Woodland,POINT Z (884254.6477198389 1333322.982451701 0)
98,0.08313999999999999,0.11098374999999999,0.14111,0.2109875,0.220035,315.3721235,0.1983124017715454,0.12170828133821487,0.1983124017715454,0.12289370596408844,0.9014527797698975,0.74983811378479,301.0,29.216222763061523,314.87960848506003,21312.268348789017,1.0,C5-13,High,1,Woodland,POINT Z (883820.1209564791 1334179.0909727828 0)
99,0.10436083333333335,0.16125833333333334,0.21711999999999998,0.3103541666666667,0.3265883333333333,314.40482384,0.1774018257856369,0.12719811499118805,0.1774018257856369,0.1359829306602478,0.9324213266372681,0.643525242805481,34.0,5.670403003692627,283.59119647992566,6762.629184066621,1.0,C5-14,High,5,Shrubs,POINT Z (899439.8453000489 1327714.5590599263 0)
100,0.08861250000000001,0.14797125,0.21111125,0.29256624999999997,0.350165,315.65240114,0.16198204457759857,0.10747787356376648,0.16198204457759857,0.12179975211620331,0.9803030490875244,0.5973965525627136,48.0,8.383746147155762,384.2544119378954,7478.130508420489,1.0,C5-15,High,5,Shrubs,POINT Z (898787.1661653314 1328249.6579392825 0)
101,0.08904333333333332,0.1423475,0.1786016666666667,0.25969916666666665,0.24970750000000005,312.09993902,0.1804978847503662,0.1196826919913292,0.1804978847503662,0.12734246253967285,0.809731662273407,0.6255858540534973,59.0,6.602748870849609,326.4011826773527,9978.799268838055,1.0,C5-16,High,5,Shrubs,POINT Z (897167.1209559374 1330250.3563968146 0)
102,0.07874,0.11794125,0.1482325,0.23296,0.20968124999999999,316.50519713,0.2189793735742569,0.13575482368469238,0.2189793735742569,0.1414622664451599,0.9536535739898682,0.6681088209152222,72.0,2.082329034805298,613.1869047650832,11075.889610580236,1.0,C5-17,High,5,Shrubs,POINT Z (890977.0779688589 1326635.9159500448 0)
103,0.0865775,0.12844624999999998,0.1723225,0.276465,0.30826875,317.73568433,0.2324366569519043,0.15679199993610382,0.2324366569519043,0.1647099256515503,1.1533410549163818,0.6737385988235474,74.0,3.3919126987457275,445.1586290336493,11307.703299821074,1.0,C5-18,High,5,Shrubs,POINT Z (891290.8879861652 1327452.7598979012 0)
104,0.0863575,0.1349225,0.17658500000000002,0.27840375,0.27845875,316.32575108000003,0.22415491938591003,0.1505967527627945,0.22415491938591003,0.1599731147289276,1.0691975355148315,0.6391538381576538,70.0,1.3260984420776367,388.35934859314756,10632.947105600426,1.0,C5-19,High,5,Shrubs,POINT Z (891176.6245804369 1326118.8494539289 0)
105,0.10304999999999997,0.1879425,0.24860749999999998,0.32995250000000004,0.37706,319.70275484,0.1405990719795227,0.09926307946443558,0.1405990719795227,0.11313000321388245,0.7556034326553345,0.5483059883117676,70.0,3.9726879596710205,346.6995240463107,12148.66525810925,1.0,C5-20,High,5,Shrubs,POINT Z (889940.9321452784 1327017.295764598 0)
106,0.10122125000000001,0.165035,0.21727125000000003,0.31563874999999997,0.34404625,316.47101693,0.18477338552474976,0.13220445811748505,0.18477338552474976,0.14287486672401428,0.9156086444854736,0.6130087375640869,74.0,5.670501232147217,776.8142373087974,12485.388778752758,1.0,C5-21,High,5,Shrubs,POINT Z (890319.2912752726 1328130.247589176 0)
107,0.10034124999999999,0.16973749999999999,0.22997625,0.32127625000000004,0.34520125,315.93096977,0.1656637191772461,0.11712968349456787,0.1656637191772461,0.13026484847068787,0.8930069208145142,0.5912129282951355,82.0,1.8543341159820557,635.6257917954381,12432.247482037894,1.0,C5-22,High,5,Shrubs,POINT Z (890694.9049991601 1328512.8045152612 0)
108,0.09937874999999999,0.16295875,0.21999375000000002,0.3218125,0.33612625,313.75027301,0.1881011575460434,0.13414353132247925,0.1881011575460434,0.14647343754768372,0.9792681932449341,0.607537031173706,65.0,0.9274099469184875,285.6822552021489,7462.146939779303,1.0,C5-23,High,5,Shrubs,POINT Z (895032.9073439905 1325879.1669177604 0)
109,0.12488500000000002,0.20282,0.2738525,0.36732499999999996,0.41289250000000005,319.97277842,0.14578256011009216,0.11268249899148941,0.14578256011009216,0.12286322563886642,0.8110886216163635,0.6157430410385132,87.0,2.6506872177124023,499.89106594035627,11546.135014697958,1.0,C5-24,High,5,Shrubs,POINT Z (889220.8285116742 1324083.5072254257 0)
110,0.121035,0.19062375,0.24251625,0.3148825,0.36054625,316.63849990999995,0.13014623522758484,0.09715554118156433,0.13014623522758484,0.10271017253398895,0.6523265838623047,0.633853554725647,68.0,2.9368607997894287,173.85877331405166,11515.902472854928,1.0,C5-25,High,5,Shrubs,POINT Z (882427.9942256864 1312633.5976933816 0)
111,0.1310083333333333,0.190665,0.23746083333333334,0.2988041666666667,0.31283833333333333,313.32131150000004,0.11515983194112778,0.08823124319314957,0.11515983194112778,0.08898001909255981,0.5702503323554993,0.686858594417572,78.0,10.265705108642578,332.16254777626506,9180.025652214288,1.0,C5-26,High,5,Shrubs,POINT Z (885373.1702674296 1314026.059779734 0)
112,0.11139625,0.15275625,0.18273125,0.23759375000000002,0.2430525,313.75540004000004,0.1305093765258789,0.09142453968524933,0.1305093765258789,0.08928275108337402,0.5547982454299927,0.728399395942688,75.0,5.423409938812256,438.79028200907607,9540.015143736611,1.0,C5-27,High,5,Shrubs,POINT Z (885068.2154173749 1314215.6474839589 0)
113,0.09751333333333334,0.12888166666666667,0.15871916666666666,0.24296083333333338,0.24296083333333338,312.61606004,0.21111413836479187,0.14333593845367432,0.21111413836479187,0.13951654732227325,0.8849825859069824,0.7637844681739807,176.0,9.787371635437012,178.4603195990978,17409.52551922092,1.0,220024,High,1,Woodland,POINT Z (890281.0084667348 1334840.7746459323 0)
114,0.08116000000000001,0.11204249999999999,0.13082500000000002,0.2335375,0.21431499999999998,311.08934444,0.2818964719772339,0.18214181065559387,0.2818964719772339,0.17824552953243256,1.0843652486801147,0.7243679761886597,233.0,12.802074432373047,264.63466599741196,18377.365574044976,1.0,220025,High,1,Woodland,POINT Z (889550.1965145844 1335488.2768077473 0)
115,0.07959250000000001,0.11399500000000001,0.12744250000000001,0.2486625,0.2625225,311.52343298,0.3223036229610443,0.2139618843793869,0.3223036229610443,0.20754361152648926,1.1813457012176514,0.6982104182243347,257.0,11.337495803833008,301.8127301341217,19131.116940926044,1.0,220026,High,1,Woodland,POINT Z (888788.3667957631 1335878.5208237884 0)
116,0.09588625,0.13160875,0.15800875,0.25768250000000004,0.25560625000000003,311.06712731,0.24000844359397888,0.16750991344451904,0.24000844359397888,0.16308018565177917,0.9634302854537964,0.7277109622955322,305.0,26.08682632446289,285.4342013334585,19729.801823501835,1.0,220027,High,1,Woodland,POINT Z (888198.5298963166 1336196.5941660933 0)
117,0.11438,0.20337916666666667,0.27025000000000005,0.33527833333333334,0.3850991666666667,315.72076154,0.10736915469169617,0.07743675261735916,0.10736915469169617,0.08821804821491241,0.6493586897850037,0.5630269646644592,2.0,1.3259490728378296,11.410155893567879,1172.906774734145,1.0,220037,High,2,Desert,POINT Z (898722.8354562175 1319592.3845042116 0)
118,0.09484124999999999,0.12863875,0.155575,0.22946750000000002,0.22075,310.04684834,0.19189277291297913,0.12654006481170654,0.19189277291297913,0.12454070895910263,0.7836896181106567,0.744040846824646,120.0,11.031840324401855,16.997694595741525,15941.060916751634,1.0,220034,High,1,Woodland,POINT Z (889509.2515450397 1332345.2284183612 0)
119,0.08524375000000001,0.12201124999999999,0.14174250000000002,0.24829125,0.19814500000000002,310.843247,0.27360042929649353,0.18211573362350464,0.27360042929649353,0.17917154729366302,1.036989688873291,0.7005494832992554,163.0,6.732678413391113,29.721548881280615,17483.83589777922,1.0,220033,Low,4,Thorn,POINT Z (890004.4482170711 1334728.5188939688 0)
120,0.07786000000000001,0.1042875,0.13504625,0.21463125000000002,0.210245,313.81179737,0.22800907492637634,0.13799265027046204,0.22800907492637634,0.14041352272033691,1.0581474304199219,0.7456446886062622,200.0,3.78821063041687,38.720115580722144,19823.867848722944,1.0,220030,Low,4,Thorn,POINT Z (887939.4452910394 1336089.4186861373 0)
121,0.07429875,0.09761875,0.12566875,0.20910375,0.19601375,312.68726879,0.24913111329078674,0.14843648672103882,0.24913111329078674,0.14983275532722473,1.1448564529418945,0.7598327994346619,220.0,16.957286834716797,62.847221753416115,20084.77094246546,1.0,220029,Low,4,Thorn,POINT Z (887641.2811301933 1336206.6764203233 0)
122,0.1115475,0.19183375,0.25516625000000004,0.3043225,0.35463375,316.04718245,0.08787885308265686,0.06151553988456726,0.08787885308265686,0.06960142403841019,0.586383581161499,0.5815349817276001,-3.0,5.858326435089111,5.905012279860468,410.8190884595267,5.0,220041,Low,2,Desert,POINT Z (893639.6899151963 1310597.3777498796 0)
123,0.10253666666666666,0.15242166666666668,0.195505,0.23002666666666668,0.21540583333333338,315.83697422,0.07763035595417023,0.050469912588596344,0.07763035595417023,0.05364752560853958,0.48147767782211304,0.6862091422080994,6.0,2.7802884578704834,1233.4809748985301,1185.849472088127,1.0,220049,High,5,Shrubs,POINT Z (901472.4118468117 1322495.9043015474 0)
124,0.10865999999999999,0.16839916666666666,0.2165516666666667,0.29819,0.2920575,313.78388354,0.15894019603729248,0.11462962627410889,0.15894019603729248,0.12077360600233078,0.7713251709938049,0.6453534364700317,10.0,3.972459077835083,58.06748096972872,2524.0503511033266,2.0,220053,High,5,Shrubs,POINT Z (902627.1069200888 1323776.1037857963 0)
125,0.06425666666666667,0.09663333333333333,0.10239,0.2487175,0.12959666666666667,310.18015112,0.41773721575737,0.2651256322860718,0.41773721575737,0.25812873244285583,1.602116584777832,0.661510705947876,6.0,3.8234939575195312,49.950720092204776,2713.1468261556674,2.0,220054,High,4,Thorn,POINT Z (902693.4279487359 1323959.3412360116 0)
126,0.06267999999999997,0.09266416666666667,0.1007125,0.23725000000000004,0.12589333333333333,310.1710364,0.40310850739479065,0.2484447956085205,0.40310850739479065,0.2433077096939087,1.5854567289352417,0.6794483661651611,16.0,2.7802884578704834,7.381646058170867,3081.577646701153,1.0,220055,High,4,Thorn,POINT Z (902854.457424488 1324266.745147914 0)
127,0.07494499999999998,0.11260166666666667,0.1317325,0.261725,0.16972833333333334,311.09618048,0.3300122618675232,0.21787546575069427,0.3300122618675232,0.21753360331058502,1.3261154890060425,0.665626585483551,11.0,2.6507067680358887,33.46241197641944,3419.759970958613,1.0,220056,High,4,Thorn,POINT Z (902613.38019839 1324683.8262440867 0)
128,0.08435000000000002,0.15297166666666667,0.1998775,0.22758833333333336,0.21225250000000004,314.93461694,0.06478844583034515,0.038648951798677444,0.06478844583034515,0.044803570955991745,0.4877876341342926,0.5511031746864319,7.0,3.89778733253479,918.0163283631435,1454.3673030074403,5.0,220067,High,2,Desert,POINT Z (901971.9372899926 1322799.122633218 0)
129,0.08886000000000001,0.16651083333333333,0.22702,0.27101083333333337,0.29286416666666665,315.40288568,0.08844301849603653,0.05594966933131218,0.08844301849603653,0.06615004688501358,0.6280845403671265,0.5334819555282593,7.0,0.9274099469184875,23.805639320164982,122.71729143039812,5.0,220074,High,2,Desert,POINT Z (901421.3931956992 1321076.667532502 0)
130,0.12797416666666664,0.2040116666666667,0.2662075,0.32387499999999997,0.3035616666666667,315.14653418,0.09767220169305801,0.0735175758600235,0.09767220169305801,0.0793224349617958,0.5875992178916931,0.6271175146102905,9.0,2.8416361808776855,885.2295105471269,1202.0834110185713,5.0,220077,High,2,Desert,POINT Z (900878.1181186109 1322204.7747257298 0)
131,0.09336083333333334,0.14002833333333334,0.16700583333333333,0.2301641666666667,0.28717166666666666,315.25135346,0.15909889340400696,0.1030498519539833,0.15909889340400696,0.10560846328735352,0.6439381241798401,0.6665596961975098,6.0,2.109748363494873,655.9846928108776,1510.3722353629607,1.0,220076,Low,5,Shrubs,POINT Z (900889.8487568262 1322603.949206095 0)
132,0.11275750000000001,0.1599475,0.20261375,0.2865575,0.34377125000000003,321.80996416999994,0.17201870679855347,0.1267208755016327,0.17201870679855347,0.1273767054080963,0.7926539182662964,0.7043925523757935,112.0,3.704791784286499,629.4631340749232,26082.85106889573,1.0,revision,,5,Shrubs,POINT Z (874535.5603850498 1327904.922528684 0)
133,0.11042000000000002,0.16319250000000002,0.1996575,0.26417250000000003,0.301545,313.98440738,0.13909190893173218,0.0987091213464737,0.13909190893173218,0.10040411353111267,0.6187784075737,0.6766242384910583,109.0,9.396203994750977,500.03490796463575,26588.250545981093,1.0,revision,,5,Shrubs,POINT Z (872647.6077519527 1326468.5789739978 0)
134,0.10811000000000001,0.15234375,0.18394125,0.23030625000000002,0.24438625,315.50542628,0.11217872053384781,0.07609353959560394,0.11217872053384781,0.07605995237827301,0.5133402347564697,0.7078123092651367,100.0,12.90003776550293,308.6077365393493,22513.801681148685,1.0,revision,,5,Shrubs,POINT Z (871278.8225576585 1317646.1125251863 0)
135,0.11204249999999999,0.1797475,0.22548,0.32890749999999996,0.32613,311.99853776,0.18656174838542938,0.14041441679000854,0.18656174838542938,0.14713874459266663,0.8298307061195374,0.6233327388763428,8.0,5.669147968292236,14.693667893020189,5627.603158641729,1.0,revision,,4,Thorn,POINT Z (894435.8497553808 1320997.2588043094 0)
136,0.11104333333333333,0.17086499999999996,0.2011516666666667,0.3356266666666667,0.28102083333333333,309.60592376,0.2575966417789459,0.19736358523368835,0.2575966417789459,0.19621941447257996,1.006527304649353,0.642768383026123,14.0,2.109666347503662,2.8068003240799375,6393.6822648039115,1.0,revision,,4,Thorn,POINT Z (893631.7199063418 1321024.7199691292 0)
137,0.06788666666666666,0.10567166666666668,0.12129166666666667,0.26002000000000003,0.1525225,311.32860583999997,0.3653446435928345,0.23489999771118164,0.3653446435928345,0.23649640381336212,1.4901132583618164,0.6411421298980713,5.0,2.082277297973633,102.16216459529274,2135.554909423712,2.0,revision,,4,Thorn,POINT Z (902971.0124691656 1323202.530531931 0)
138,0.07270833333333333,0.108825,0.1286891666666667,0.2452983333333333,0.15536416666666666,312.2731187,0.31561899185180664,0.198898583650589,0.31561899185180664,0.20086807012557983,1.2769227027893066,0.6677168011665344,8.0,1.3260177373886108,200.90883610749984,1918.8746568535983,1.0,revision,,4,Thorn,POINT Z (903283.9473451613 1322711.0224945906 0)
139,0.06257000000000001,0.07790125,0.10262375000000001,0.18083375000000002,0.15883375000000002,312.50611373000004,0.276320219039917,0.14723336696624756,0.276320219039917,0.14966219663619995,1.3226492404937744,0.8040511608123779,366.0,7.161081790924072,229.4888628686006,22732.60606945317,1.0,revision,,1,Woodland,POINT Z (883814.1097080095 1336292.421669027 0)
140,0.11220749999999999,0.1762275,0.23718125,0.31269624999999995,0.39857875,317.08796954,0.1373676061630249,0.09965141117572784,0.1373676061630249,0.1078781932592392,0.7753795385360718,0.636572003364563,45.0,3.363013982772827,204.6471877592684,7875.838540617833,1.0,revision,,2,Desert,POINT Z (891676.3284360745 1317919.8113796425 0)
141,0.13884583333333333,0.2322175,0.29017833333333337,0.34079666666666664,0.3556375,312.7288547,0.080253005027771,0.06203432008624077,0.080253005027771,0.06713593751192093,0.46735984086990356,0.5979424118995667,11.0,7.8956193923950195,83.56723958820278,889.8021561798089,5.0,revision,,2,Desert,POINT Z (898031.2264742942 1313101.5950725584 0)
142,0.10193166666666666,0.15653750000000002,0.20049166666666665,0.2836425,0.25481333333333334,315.07133774,0.17196421325206757,0.12087258696556091,0.17196421325206757,0.126808762550354,0.8151067495346069,0.6515500545501709,4.0,2.987993001937866,12.884130841065245,2000.4366366012102,1.0,revision,,4,Thorn,POINT Z (898953.7570058475 1314595.4461854375 0)
143,0.1278733333333333,0.20023500000000002,0.25848,0.31161,0.3298975,315.04057556,0.09323596209287643,0.06984316557645798,0.09323596209287643,0.07449103891849518,0.5567173361778259,0.6388189196586609,3.0,1.8543341159820557,117.88321491455513,346.17185853430476,2.0,revision,,2,Desert,POINT Z (900944.6196767464 1314388.252884236 0)
144,0.09833375,0.14309,0.19076125000000002,0.23395,0.29223625,316.10016176,0.10187134146690369,0.06580270826816559,0.10187134146690369,0.07003682106733322,0.6335054039955139,0.6875286102294922,123.0,9.78518295288086,208.55020688960798,27637.94628402618,1.0,revision,,5,Shrubs,POINT Z (871902.1025821161 1327214.4647134945 0)
145,0.05921499999999999,0.08267250000000001,0.10952625000000002,0.197925,0.19249375000000002,323.39421644,0.2883639335632324,0.15667542815208435,0.2883639335632324,0.1643274575471878,1.3975465297698975,0.7149631381034851,284.0,10.319944381713867,254.2948170269347,24048.16657260831,1.0,revision,,1,Woodland,POINT Z (882346.4897421491 1336651.678441777 0)
146,0.06887666666666666,0.08697166666666667,0.11236333333333333,0.19310333333333332,0.16914166666666666,311.4186137,0.2686828374862671,0.14950574934482574,0.2686828374862671,0.1508723497390747,1.2580013275146484,0.7862232327461243,175.0,10.60246467590332,128.6587525916879,22794.666645797988,1.0,revision,,1,Woodland,POINT Z (887176.0636507275 1339241.068185781 0)
147,0.05937999999999999,0.08390999999999998,0.11556250000000001,0.19220500000000001,0.20964,311.90625122,0.24902726709842682,0.13303864002227783,0.24902726709842682,0.1423228234052658,1.2906090021133423,0.7076629996299744,242.0,17.804595947265625,185.31099232315407,24700.747899559487,1.0,revision,,1,Woodland,POINT Z (885163.4063367315 1340157.6536442637 0)
149,0.08467999999999999,0.11012666666666666,0.1367925,0.23171333333333335,0.21979666666666664,310.45928941999995,0.25992459058761597,0.16755573451519012,0.25992459058761597,0.1642017364501953,1.1210665702819824,0.7700334787368774,161.0,3.9735333919525146,277.16481740458084,21268.247839310952,1.0,revision,,1,Woodland,POINT Z (890400.1103985122 1339424.521566583 0)
150,0.05676749999999999,0.08082083333333334,0.06585166666666666,0.27272499999999994,0.038470833333333336,302.49872084,0.6101111173629761,0.41587480902671814,0.6101111173629761,0.36972707509994507,2.392582416534424,0.7002624869346619,1.0,0.0,1233.9785749410735,52.270310592960584,8.0,revision,,3,Mangrove,POINT Z (895795.6941306386 1310408.6702157906 0)
151,0.05538333333333332,0.07936333333333334,0.06444,0.2711391666666667,0.036802499999999995,302.86444897999996,0.6160452961921692,0.4157252609729767,0.6160452961921692,0.3710325360298157,2.4412126541137695,0.6952452063560486,1.0,1.325773000717163,746.3436156828828,20.730017023304317,8.0,revision,,3,Mangrove,POINT Z (898987.0928319113 1311753.343576619 0)
152,0.05538333333333333,0.07991333333333334,0.06686000000000002,0.28293666666666667,0.042485833333333334,305.18756324,0.616843044757843,0.4252080023288727,0.616843044757843,0.38109925389289856,2.5953209400177,0.6916618347167969,3.0,2.7802884578704834,253.274006565416,77.81386612710047,21.0,revision,,3,Mangrove,POINT Z (898325.6526427895 1312087.4144430382 0)
153,0.055951666666666657,0.07842833333333334,0.07347833333333333,0.23544416666666668,0.052138333333333335,302.26743482,0.5262894034385681,0.32394126057624817,0.5262894034385681,0.3007400631904602,2.0847115516662598,0.7153266072273254,12.0,9.394206047058105,406.2392586207533,78.91052346415269,2.0,revision,,3,Mangrove,POINT Z (902494.8949465946 1320342.3485325759 0)
154,0.05660250000000001,0.07795166666666668,0.06863833333333334,0.24048583333333337,0.05721666666666666,304.90272824,0.5557847023010254,0.34967681765556335,0.5557847023010254,0.31853848695755005,2.1255545616149902,0.7254665493965149,12.0,1.3259387016296387,1361.4997675948807,59.906750803945535,8.0,revision,,3,Mangrove,POINT Z (902597.3592983932 1319200.4594047437 0)
155,0.05542,0.07672333333333335,0.06873,0.24808499999999997,0.052285,305.29580054,0.5659242272377014,0.3598294258117676,0.5659242272377014,0.32929930090904236,2.26944899559021,0.7192061543464661,8.0,2.988466262817383,892.3514769762133,106.37919657237784,8.0,revision,,3,Mangrove,POINT Z (903594.5583382365 1319968.9117850948 0)
156,0.05776666666666666,0.07605416666666666,0.06906000000000001,0.21882499999999996,0.05554833333333333,304.0186004,0.5199366211891174,0.31197887659072876,0.5199366211891174,0.28504815697669983,1.9138988256454468,0.7577625513076782,12.0,4.818058967590332,841.5322239990903,63.07203600235112,8.0,revision,,3,Mangrove,POINT Z (903028.8268580812 1319712.4531033575 0)
157,0.06124999999999999,0.08587166666666667,0.079785,0.226635,0.059709999999999985,304.59510644000005,0.4780173897743225,0.2938750982284546,0.4780173897743225,0.2728244364261627,1.6643261909484863,0.7103673219680786,6.0,7.270359992980957,929.8557234202754,38.532325638184965,2.0,revision,,3,Mangrove,POINT Z (902052.9387559989 1318902.1238567578 0)
158,0.07105375,0.09961250000000002,0.12998625,0.19209500000000002,0.19950625,315.27641894,0.1922180950641632,0.10772112011909485,0.1922180950641632,0.11312104761600494,0.9272404909133911,0.713984489440918,237.0,4.215071678161621,40.517435527961794,20139.64361451147,1.0,revision,,1,Woodland,POINT Z (884914.4864601493 1333660.6164224022 0)
159,0.06610375000000002,0.08224624999999999,0.09843000000000002,0.17197874999999999,0.132035,309.78195179,0.27218884229660034,0.14537307620048523,0.27218884229660034,0.14322829246520996,1.0913997888565063,0.8043972253799438,325.0,3.363637924194336,136.29444727157235,20743.064554439392,1.0,revision,,1,Woodland,POINT Z (885709.4404623127 1335371.5600081892 0)
160,0.08132499999999998,0.11022749999999998,0.1360225,0.229825,0.22638750000000002,312.04297202,0.2563978135585785,0.16330263018608093,0.2563978135585785,0.16250407695770264,1.0850059986114502,0.7377923130989075,246.0,3.899595260620117,97.01566950184198,20244.01157756588,1.0,revision,,1,Woodland,POINT Z (888944.7942285726 1337358.543711981 0)
161,0.06919749999999998,0.09152749999999998,0.12013666666666667,0.18537583333333332,0.18848333333333334,313.20282014000003,0.21422910690307617,0.11766835302114487,0.21422910690307617,0.12155453860759735,1.0290553569793701,0.7567854523658752,177.0,10.318544387817383,570.037299468313,19931.10226919621,1.0,revision,,1,Woodland,POINT Z (884299.2366374211 1332544.2264721615 0)
162,0.06424749999999999,0.08733374999999999,0.11030999999999999,0.1732575,0.17076875,315.41655776,0.2219270020723343,0.11628695577383041,0.2219270020723343,0.12047973275184631,0.9855237603187561,0.7360687255859375,233.0,23.956989288330078,138.31927605100873,19445.29581578505,1.0,revision,,1,Woodland,POINT Z (885409.1852870272 1333160.2070242846 0)
163,0.06083749999999999,0.08946500000000002,0.11207,0.1883825,0.1686375,311.20897514,0.25399190187454224,0.13583365082740784,0.25399190187454224,0.14300504326820374,1.1056557893753052,0.6800145506858826,314.0,10.08405876159668,265.6038167890987,21923.39919386338,1.0,revision,,1,Woodland,POINT Z (883762.7703264356 1335036.0163545753 0)
165,0.09295750000000003,0.1307975,0.1582425,0.24860749999999998,0.281745,312.88380494,0.2221088856458664,0.15051990747451782,0.2221088856458664,0.14947070181369781,0.9007052779197693,0.7106978297233582,183.0,12.745201110839844,98.24134470435555,18913.629908936007,1.0,revision,,1,Woodland,POINT Z (890297.2459899937 1336635.6274469013 0)
166,0.08832833333333333,0.11749666666666668,0.142265,0.23965166666666668,0.21228000000000002,312.74480546,0.25564828515052795,0.17016582190990448,0.25564828515052795,0.16558082401752472,1.0487474203109741,0.7489334940910339,160.0,1.3262513875961304,1.0683354996800818,17315.516667779237,1.0,revision,,1,Woodland,POINT Z (888009.1674889409 1332810.0094293398 0)
167,0.05374249999999997,0.07417499999999999,0.09306750000000003,0.158105,0.146885,310.34421608,0.2589356005191803,0.12379217892885208,0.2589356005191803,0.12987196445465088,1.1315133571624756,0.7245365977287292,255.0,15.550694465637207,256.9497343608713,20234.55530483517,1.0,revision,,1,Woodland,POINT Z (885991.994966397 1334940.339614256 0)
168,0.057826249999999996,0.07634749999999998,0.09589999999999999,0.16260125,0.148425,309.46749395,0.25736451148986816,0.12787580490112305,0.25736451148986816,0.13175252079963684,1.1283955574035645,0.7571555376052856,275.0,3.3636181354522705,146.30930216177163,20899.997137393966,1.0,revision,,1,Woodland,POINT Z (884936.3771363483 1334801.8528131654 0)
169,0.08458374999999999,0.12324874999999999,0.14493250000000002,0.27852750000000004,0.17892249999999998,311.97802964,0.3155496120452881,0.22086770832538605,0.3155496120452881,0.21701401472091675,1.2602388858795166,0.6860858201980591,14.0,7.761523246765137,6.875444143506515,6000.245655950726,1.0,revision,,4,Thorn,POINT Z (907932.9849091511 1329905.0661332246 0)
170,0.06295500000000001,0.09064749999999999,0.09639500000000001,0.20979125,0.11271625000000002,310.33396202,0.3667857348918915,0.2124553769826889,0.3667857348918915,0.20747894048690796,1.2956793308258057,0.6979340314865112,12.0,2.082364082336426,33.827906546277895,5376.121705297606,1.0,revision,,4,Thorn,POINT Z (908200.7892239151 1329301.1868558214 0)
171,0.07765375,0.11748750000000002,0.12932625,0.26908125000000005,0.17551250000000002,312.19849193000005,0.351085364818573,0.23884466290473938,0.351085364818573,0.23341485857963562,1.2946223020553589,0.6602045297622681,26.0,5.290571689605713,69.67734147696514,5855.653872928549,1.0,revision,,4,Thorn,POINT Z (908079.3797985297 1329867.5071955158 0)
172,0.07783249999999997,0.1076975,0.1135275,0.31367249999999997,0.12972499999999998,312.25147124,0.4685042202472687,0.354591965675354,0.4685042202472687,0.3237893581390381,1.9125328063964844,0.722695529460907,27.0,5.998396873474121,37.72566191411248,8906.920656354754,1.0,revision,,4,Thorn,POINT Z (905736.9020824437 1331864.076877892 0)
173,0.0829475,0.13737000000000002,0.165255,0.30827333333333334,0.21378333333333335,312.69809252,0.30174577236175537,0.21322990953922272,0.30174577236175537,0.22021125257015228,1.249091625213623,0.60318523645401,11.0,2.9890027046203613,79.87782569638114,4570.503560764583,1.0,revision,,4,Thorn,POINT Z (900962.508601797 1325867.451689275 0)
174,0.06858333333333333,0.11032833333333332,0.12481166666666667,0.2925708333333333,0.156345,311.64762104000005,0.40196493268013,0.2751079797744751,0.40196493268013,0.2742290496826172,1.683431625366211,0.6203086376190186,14.0,2.0823099613189697,17.196965389239157,4131.741763455468,2.0,revision,,4,Thorn,POINT Z (902272.9894239532 1325460.777408878 0)
175,0.079565,0.12236875000000003,0.14144,0.2843025,0.20431875,313.00685366,0.3372102975845337,0.23277005553245544,0.3372102975845337,0.2317798137664795,1.333930253982544,0.6500453948974609,14.0,1.325976848602295,50.12620443592592,6854.0031210585785,1.0,revision,,4,Thorn,POINT Z (893067.237626127 1320765.9763612617 0)
176,0.0990625,0.14016125000000001,0.17448125,0.24324500000000002,0.241815,315.89678957,0.16484197974205017,0.11108394712209702,0.16484197974205017,0.11236941814422607,0.7366483211517334,0.7070865631103516,106.0,5.962601184844971,1.8306204342645926,24679.738963352764,1.0,revision,,4,Thorn,POINT Z (877323.9315800135 1329900.4767933248 0)
177,0.14254,0.24869,0.33295,0.38038750000000005,0.44821625000000004,316.3804394,0.06650102883577347,0.05135352164506912,0.06650102883577347,0.05864518880844116,0.5298482179641724,0.573089063167572,116.0,16.9818115234375,199.30317292958594,26958.99266137199,5.0,revision,,2,Desert,POINT Z (874223.6484204114 1328824.3378227998 0)
178,0.17428416666666666,0.2717166666666666,0.35396916666666667,0.42331500000000005,0.46510583333333333,315.24679610000004,0.08954108506441116,0.07739568501710892,0.08954108506441116,0.08145716786384583,0.5588380098342896,0.6413385272026062,146.0,3.9728941917419434,93.09141193279343,29720.82743146457,1.0,revision,,2,Desert,POINT Z (871343.6567982865 1329799.6420564873 0)
179,0.141935,0.240385,0.32195,0.3720091666666667,0.39773083333333337,314.50850378,0.07214319705963135,0.05593498423695564,0.07214319705963135,0.06289239227771759,0.5477959513664246,0.5905295610427856,17.0,4.213139533996582,182.32588044234856,2117.783475575675,5.0,revision,,2,Desert,POINT Z (898570.7097273464 1316782.2490951836 0)
180,0.13021083333333336,0.22240000000000001,0.2946058333333333,0.33984333333333333,0.3578833333333334,315.3550334,0.07124663889408112,0.05303608253598213,0.07124663889408112,0.05975951999425888,0.5277426838874817,0.5859359502792358,16.0,7.559077739715576,265.02933226357567,4658.748591324378,5.0,revision,,2,Desert,POINT Z (904987.908522102 1325661.4170815137 0)
181,0.05528250000000001,0.07928083333333331,0.07138833333333332,0.23637916666666667,0.0555575,304.47889376,0.5377794504165649,0.33006206154823303,0.5377794504165649,0.30668601393699646,2.0075769424438477,0.693877637386322,8.0,2.109605312347412,1191.3928116392315,91.42733546071017,21.0,revision,,3,Mangrove,POINT Z (904185.2526754466 1320117.3689323296 0)
182,0.0519,0.07734666666666667,0.06381666666666667,0.2597083333333334,0.0481875,303.96277274,0.6052491068840027,0.39078694581985474,0.6052491068840027,0.356746643781662,2.398937225341797,0.6699511408805847,0.0,0.0,741.2303119449857,10.09092182285445,7.0,revision,,3,Mangrove,POINT Z (903325.5144421314 1319945.0333901546 0)
183,0.057097499999999995,0.08116916666666667,0.07621916666666666,0.2107766666666667,0.053834166666666676,303.90694508,0.4700632393360138,0.2711391746997833,0.4700632393360138,0.25666701793670654,1.6335517168045044,0.7007178664207458,7.0,8.566884994506836,664.3914829084384,62.87983169863606,8.0,revision,,3,Mangrove,POINT Z (903112.8148036897 1319929.0095355764 0)
184,0.05887583333333332,0.07730083333333333,0.07361583333333332,0.2186875,0.05787666666666666,306.79745066000004,0.4981432557106018,0.29811638593673706,0.4981432557106018,0.27499479055404663,1.86724853515625,0.7585540413856506,9.0,4.664170742034912,722.1645430426007,93.10920698770961,2.0,revision,,3,Mangrove,POINT Z (902146.8755071162 1320322.172773323 0)
185,0.05781249999999999,0.0786575,0.07319416666666667,0.23289583333333333,0.06375249999999999,305.04856376,0.521714985370636,0.32270267605781555,0.521714985370636,0.29716193675994873,1.9945168495178223,0.7338767647743225,0.0,8.34162425994873,1395.1098279619648,57.3427774805427,20.0,revision,,3,Mangrove,POINT Z (902483.4452055146 1319109.05081308 0)
186,0.06155250000000001,0.08281,0.07058166666666667,0.2199616666666667,0.03725166666666666,302.22300056,0.515535295009613,0.3158053755760193,0.515535295009613,0.283491313457489,1.6973137855529785,0.7447618842124939,4.0,1.8945724964141846,752.7297851661448,117.02963549870361,8.0,revision,,3,Mangrove,POINT Z (896339.2017706006 1310775.762164649 0)
187,0.06629625,0.09321874999999999,0.08748500000000001,0.2459675,0.060548749999999985,305.1522437,0.4760758876800537,0.3111865520477295,0.4760758876800537,0.28537794947624207,1.6418650150299072,0.7101927995681763,1.0,2.650092124938965,721.6657124146245,340.5271744954897,1.0,revision,,3,Mangrove,POINT Z (896003.6909418113 1310932.742686939 0)
188,0.06148833333333333,0.08335083333333333,0.07642083333333333,0.23012749999999996,0.04741749999999998,304.57459832,0.5012940764427185,0.31283625960350037,0.5012940764427185,0.2858292758464813,1.7791166305541992,0.7364012598991394,-1.0,5.478085517883301,1087.7663348346734,204.27847637855484,8.0,revision,,3,Mangrove,POINT Z (897795.322477182 1311437.02941753 0)
189,0.06551250000000002,0.0858625,0.08521166666666664,0.24015583333333335,0.07509166666666667,305.25592364,0.47697731852531433,0.30748650431632996,0.47697731852531433,0.2817208766937256,1.8164008855819702,0.7630472779273987,-4.0,2.6501498222351074,87.49001586204942,92.90504378504636,2.0,revision,,3,Mangrove,POINT Z (898436.2731679038 1312230.0562839769 0)
190,0.06227666666666667,0.08738416666666665,0.07130583333333333,0.2378916666666667,0.04596,304.15418185999994,0.5384846925735474,0.34722739458084106,0.5384846925735474,0.3086498975753784,1.7292001247406006,0.7126599550247192,1.0,1.3257620334625244,1078.2055316794713,95.43213938766651,21.0,revision,,3,Mangrove,POINT Z (898325.0480100592 1311244.962050598 0)
191,0.10637750000000001,0.1529075,0.19744375,0.27364625,0.28878499999999996,316.53254129000004,0.16195817291736603,0.11467960476875305,0.16195817291736603,0.11766470223665237,0.7912613153457642,0.6954854130744934,73.0,2.9368631839752197,279.3136319575886,12904.20772786454,1.0,revision,,5,Shrubs,POINT Z (881051.7195536934 1312833.0989486356 0)
192,0.12827666666666668,0.18638416666666666,0.2427775,0.35105416666666667,0.3782425,311.50520354,0.18450979888439178,0.14617836475372314,0.18450979888439178,0.14903144538402557,0.9100721478462219,0.6821455955505371,72.0,5.07684850692749,311.3348290958998,11112.193475561955,1.0,revision,,5,Shrubs,POINT Z (889420.3915526547 1323284.99755348 0)
193,0.10119833333333333,0.15342999999999998,0.11497583333333332,0.04766500000000001,0.02209,299.63669876,-0.41451942920684814,-0.16861334443092346,-0.41451942920684814,-0.15097466111183167,-0.6902775168418884,0.6627306342124939,0.0,0.0,1537.020182507371,292.0800589956451,7.0,Water,,0,Water,POINT Z (895216.0019709534 1308134.229990106 0)
194,0.1095125,0.18828166666666668,0.177685,0.07083833333333332,0.024308333333333338,299.81899316000005,-0.4372420310974121,-0.20364317297935486,-0.4372420310974121,-0.21397104859352112,-0.6263163089752197,0.5820214152336121,0.0,0.0,425.3333220420917,334.719722099007,7.0,Water,,0,Water,POINT Z (894020.7905068279 1309261.1436562815 0)
195,0.10551583333333335,0.18465166666666666,0.17666749999999998,0.07228666666666665,0.03177,300.47867102000004,-0.4232448935508728,-0.19509418308734894,-0.4232448935508728,-0.20939287543296814,-0.6078839302062988,0.5715512037277222,0.0,0.0,82.23320697240906,70.05336683660735,7.0,Water,,0,Water,POINT Z (894594.7355914688 1310448.7086572247 0)
196,0.09779750000000001,0.11183625,0.07275874999999998,0.04822874999999999,0.027053749999999988,299.90729201,-0.20182231068611145,-0.08111139386892319,-0.20182231068611145,-0.05887968838214874,-0.5716522932052612,0.8791254758834839,0.0,0.0,3690.0133264591236,324.3773729664456,21.0,Water,,0,Water,POINT Z (898741.0102818916 1308658.307002457 0)
197,0.08331416666666669,0.08927249999999999,0.05146,0.03337416666666667,0.023749166666666665,298.92916862,-0.2359069436788559,-0.06429170072078705,-0.2359069436788559,-0.046767476946115494,-0.6253854632377625,0.9312138557434082,0.0,0.0,14257.197631589783,13387.437618890724,21.0,Water,,0,Water,POINT Z (913474.1232305676 1306630.4614675536 0)
198,0.07375333333333334,0.07078333333333332,0.04145916666666666,0.030505000000000004,0.02350166666666666,299.01006176000004,-0.1664583534002304,-0.03881675750017166,-0.1664583534002304,-0.028814900666475296,-0.5692816972732544,1.0546526908874512,0.0,0.0,23531.53229505284,23219.056735511826,21.0,Water,,0,Water,POINT Z (933225.1313255001 1309978.369176586 0)
199,0.07345083333333334,0.07407416666666666,0.04216499999999999,0.02773666666666666,0.018707500000000005,298.87789832000004,-0.2369658201932907,-0.05067937448620796,-0.2369658201932907,-0.038404420018196106,-0.6120637655258179,0.9991432428359985,0.0,0.0,5053.9912498233625,4915.030206767289,21.0,Water,,0,Water,POINT Z (914440.7733462496 1320666.0211302973 0)
200,0.05409999999999998,0.05113000000000001,0.019532500000000008,0.008504999999999985,0.011639999999999984,299.08867622,-0.3933125138282776,-0.03829259052872658,-0.3933125138282776,-0.03132589906454086,-0.833659291267395,1.0580872297286987,0.0,0.0,8824.510920643064,8596.117614519344,21.0,Water,,0,Water,POINT Z (931929.6583614139 1333944.6190121814 0)
201,0.07404666666666666,0.0707925,0.04176166666666666,0.028020833333333328,0.0202475,297.01507741999995,-0.23558078706264496,-0.04901505634188652,-0.23558078706264496,-0.03589373454451561,-0.6195425987243652,1.0784547328948975,0.0,0.0,4070.5498671093137,3976.9843946741325,21.0,Water,,0,Water,POINT Z (917355.5875154436 1356291.527642669 0)
202,0.07238750000000001,0.07023333333333333,0.03749916666666667,0.0265725,0.020375833333333326,298.86992294,-0.2028394639492035,-0.03969476744532585,-0.2028394639492035,-0.029431674629449844,-0.6105555295944214,1.0355064868927002,0.0,0.0,5925.130259942539,5755.7629024837015,21.0,Water,,0,Water,POINT Z (921242.0064077023 1323580.8352994914 0)
203,0.07368000000000001,0.07159916666666666,0.041110833333333326,0.029212499999999992,0.019504999999999995,298.87789832,-0.18642760813236237,-0.04203249141573906,-0.18642760813236237,-0.03155529126524925,-0.5807054042816162,1.0331618785858154,0.0,0.0,4332.865908284561,4234.064832787168,21.0,Water,,0,Water,POINT Z (911525.9591770555 1319370.5481662112 0)
204,0.056437499999999974,0.05143249999999999,0.01994499999999999,0.00883500000000001,0.009110000000000007,298.07010626,-0.38603195548057556,-0.039384663105010986,-0.38603195548057556,-0.0315159410238266,-0.8282214403152466,1.0973119735717773,0.0,0.0,15656.210101409288,15505.590541154326,21.0,Water,,0,Water,POINT Z (933548.9995665216 1320666.0211302973 0)
205,0.08522999999999997,0.09719250000000001,0.04607,0.02228250000000001,0.009220000000000006,298.08377834,-0.34801214933395386,-0.0901755541563034,-0.34801214933395386,-0.06278014183044434,-0.7707384824752808,0.8769195079803467,0.0,0.0,13477.989251411305,13290.015385307124,21.0,Water,,0,Water,POINT Z (920270.4016846376 1314512.5245508878 0)
206,0.07620083333333334,0.07330416666666667,0.04215583333333333,0.030972499999999997,0.017955833333333327,299.26071656,-0.1654796302318573,-0.04056040197610855,-0.1654796302318573,-0.029491808265447617,-0.5702701210975647,1.039839267730713,0.0,0.0,4403.388972860519,4030.0412040686865,21.0,Water,,0,Water,POINT Z (906020.199079689 1314188.656309866 0)
207,0.09435083333333333,0.13633416666666667,0.09010666666666667,0.05164333333333334,0.023685,299.95571396,-0.278410941362381,-0.10908670723438263,-0.278410941362381,-0.09028784185647964,-0.6197430491447449,0.6924552917480469,0.0,0.0,1142.5900711993804,117.59584853816493,7.0,Water,,0,Water,POINT Z (896289.2287522728 1310387.6808941413 0)
208,0.105635,0.15616624999999998,0.128625,0.07288249999999999,0.04264625,301.19417654,-0.27794426679611206,-0.13214053213596344,-0.27794426679611206,-0.11932903528213501,-0.5339624881744385,0.6761734485626221,1.0,1.3257668018341064,92.20257504895181,42.76231397999705,7.0,Water,,0,Water,POINT Z (896387.479040705 1311441.638533686 0)
209,0.0968625,0.1555475,0.12392249999999999,0.06046166666666666,0.0244275,300.09585278,-0.3517952263355255,-0.14595645666122437,-0.3517952263355255,-0.13864806294441223,-0.6166364550590515,0.6230128407478333,0.0,0.0,1171.8070082307254,55.37394469162223,7.0,Water,,0,Water,POINT Z (897495.0277466673 1311111.1602907781 0)
210,0.07909749999999999,0.1037375,0.07017833333333333,0.06894083333333334,0.02378583333333333,301.25228288,-0.0089901527389884,-0.003420334542170167,-0.0089901527389884,-0.0029082088731229305,-0.335391104221344,0.7626607418060303,0.0,0.0,1504.3992289063328,25.274349134992782,2.0,Water,,0,Water,POINT Z (897594.8718197319 1310586.461462006 0)
211,0.07831833333333334,0.10751416666666665,0.07751166666666669,0.06786833333333332,0.02139333333333333,301.61345366,-0.06796128302812576,-0.024244152009487152,-0.06796128302812576,-0.022534040734171867,-0.36008018255233765,0.7300820350646973,0.0,0.9475260376930237,1564.2783018644964,172.59714976630528,2.0,Water,,0,Water,POINT Z (897192.7507020034 1310181.0974320376 0)
212,0.1029125,0.1601675,0.12698416666666665,0.06970166666666668,0.03436416666666667,300.60969512,-0.28836894035339355,-0.13238921761512756,-0.28836894035339355,-0.12236472964286804,-0.5664330124855042,0.6441541314125061,0.0,0.9475558400154114,1194.3450124774452,30.176226615284534,7.0,Water,,0,Water,POINT Z (898395.2444861638 1311124.1462449722 0)
213,0.090565,0.11588333333333334,0.07491750000000001,0.05035999999999999,0.022933333333333333,299.94090253999997,-0.19663362205028534,-0.07445354014635086,-0.19663362205028534,-0.058716464787721634,-0.5668991804122925,0.781588077545166,0.0,0.0,329.9752459794319,86.9831289944331,7.0,Water,,0,Water,POINT Z (898484.4463177475 1312017.2392816707 0)
214,0.08197583333333334,0.10233500000000001,0.06453166666666667,0.04908583333333333,0.017176666666666656,300.29979464,-0.14107000827789307,-0.04774358123540878,-0.14107000827789307,-0.03792862966656685,-0.5207971334457397,0.8018908500671387,0.0,0.947573184967041,671.5143533712911,49.355535351565095,7.0,Water,,0,Water,POINT Z (898686.4938398887 1311707.719673284 0)
215,0.09645916666666667,0.12416083333333333,0.08254416666666665,0.04885666666666666,0.028479166666666667,300.41942534000003,-0.26972928643226624,-0.1033802479505539,-0.26972928643226624,-0.08031345158815384,-0.6111529469490051,0.7780499458312988,0.0,0.0,182.48866484192482,103.31943875651564,21.0,Water,,0,Water,POINT Z (898755.2759750857 1312365.4488411057 0)
216,0.097495,0.12935833333333333,0.08648583333333332,0.043714166666666665,0.02042166666666666,300.1163609,-0.3376176655292511,-0.12768924236297607,-0.3376176655292511,-0.10142137855291367,-0.666551947593689,0.7531928420066833,0.0,0.0,691.2217239885163,110.23585892683701,21.0,Water,,0,Water,POINT Z (899060.4967000225 1311892.5716616262 0)
217,0.1017575,0.14496916666666668,0.11022749999999999,0.056648333333333335,0.03345666666666667,300.62450654,-0.3293190002441406,-0.14012086391448975,-0.3293190002441406,-0.12069860100746155,-0.6117889285087585,0.7018252015113831,0.0,0.0,1031.5602661958378,60.1737201012939,7.0,Water,,0,Water,POINT Z (899593.5582477994 1312558.8985963473 0)
218,0.09942000000000001,0.13339166666666666,0.09026250000000001,0.05012166666666667,0.030083333333333333,300.75553064,-0.2995728850364685,-0.11907315254211426,-0.2995728850364685,-0.0943339467048645,-0.6259284615516663,0.7472655177116394,0.0,0.0,545.1206930032066,104.4431300003237,21.0,Water,,0,Water,POINT Z (899107.7844179705 1312468.6220439011 0)
219,0.09343416666666665,0.1422466666666667,0.10404916666666665,0.046345,0.020439999999999996,299.78481296,-0.3913419544696808,-0.14821185171604156,-0.3913419544696808,-0.13271071016788483,-0.6779302358627319,0.6566210389137268,0.0,0.0,1053.6532986666682,61.31939113119056,7.0,Water,,0,Water,POINT Z (899516.1783457027 1311875.376127827 0)
220,0.09933750000000001,0.15379666666666666,0.11761583333333335,0.05792250000000001,0.028534166666666666,300.7828748,-0.34708237648010254,-0.14615941047668457,-0.34708237648010254,-0.13234227895736694,-0.6273555755615234,0.6466200351715088,0.0,0.9274099469184875,1071.8083132458346,73.08524143516853,21.0,Water,,0,Water,POINT Z (899314.1308235615 1311621.742004288 0)
221,0.10236250000000001,0.153155,0.11761583333333332,0.05920583333333334,0.030945,300.93896437999996,-0.3372480571269989,-0.14614014327526093,-0.3372480571269989,-0.1291218101978302,-0.6178097128868103,0.6691300272941589,1.0,12.76917839050293,1034.7734617977337,45.1125244716765,5.0,Water,,0,Water,POINT Z (899004.6112151749 1311436.890015946 0)
222,0.09459833333333333,0.1409175,0.10058416666666666,0.04886583333333334,0.02367583333333333,300.08901674000003,-0.35767242312431335,-0.13723742961883545,-0.35767242312431335,-0.11941847950220108,-0.657765805721283,0.6709699630737305,0.0,0.0,1458.2535547251698,68.14691957791706,21.0,Water,,0,Water,POINT Z (899917.6400663843 1311819.560444019 0)
223,0.10177583333333334,0.14148583333333334,0.09492833333333334,0.044997499999999996,0.024528333333333336,300.09471344,-0.3704582452774048,-0.14700008928775787,-0.3704582452774048,-0.11724967509508133,-0.6866387128829956,0.7204732298851013,0.0,0.0,1436.0064502755286,90.3761999482942,21.0,Water,,0,Water,POINT Z (899513.8967403691 1311276.5952814468 0)
224,0.10040083333333333,0.1267825,0.07907916666666667,0.04636333333333332,0.026893333333333335,299.79278834,-0.25540509819984436,-0.10363840311765671,-0.25540509819984436,-0.07724287360906601,-0.6406939029693604,0.8008261919021606,9.0,11.261634826660156,1749.6032879021368,156.74479006670924,21.0,Water,,0,Water,POINT Z (899040.5424960756 1310677.9413842522 0)
225,0.09586333333333334,0.13693,0.09481833333333334,0.043897499999999985,0.02127416666666666,300.0935741,-0.3721790313720703,-0.14204472303390503,-0.3721790313720703,-0.11928737908601761,-0.6829090714454651,0.7010824084281921,0.0,0.0,2070.4148420123897,96.8552746855697,21.0,Water,,0,Water,POINT Z (900255.2530200349 1311168.6983581153 0)
226,0.1004925,0.12536166666666668,0.0771175,0.04387916666666667,0.022080833333333327,299.24020844,-0.266559362411499,-0.10629290342330933,-0.266559362411499,-0.07884889096021652,-0.6486454010009766,0.8120988011360168,0.0,0.0,2725.660493930182,137.23542198759407,21.0,Water,,0,Water,POINT Z (900628.2236601696 1310564.8404089788 0)
227,0.10473666666666666,0.13388666666666668,0.08315833333333332,0.04386083333333333,0.023648333333333327,299.57289571999996,-0.3143632411956787,-0.1289122998714447,-0.3143632411956787,-0.09368675947189331,-0.6744223833084106,0.7868615984916687,0.0,0.0,2430.8708446073288,104.42100550037458,7.0,Water,,0,Water,POINT Z (900775.5621694626 1311314.9273653787 0)
228,0.10216083333333333,0.132585,0.08421250000000001,0.04362250000000001,0.02524333333333333,299.7460754,-0.32163169980049133,-0.12575113773345947,-0.32163169980049133,-0.09494364261627197,-0.6749381422996521,0.7834380269050598,0.0,0.0,1345.0563510099428,226.1226906841338,21.0,Water,,0,Water,POINT Z (900926.9150295454 1312742.5991444103 0)
229,0.110255,0.16357750000000001,0.13221833333333333,0.05408166666666666,0.026884166666666664,300.07192663999996,-0.4267387092113495,-0.19198523461818695,-0.4267387092113495,-0.17026381194591522,-0.6721895933151245,0.6749739050865173,0.0,0.0,248.0804698219101,111.54060114217792,21.0,Water,,0,Water,POINT Z (901189.5324156214 1313928.3564330563 0)
230,0.11454500000000001,0.17525583333333336,0.15188083333333333,0.061745,0.028534166666666666,299.88165685999996,-0.43216994404792786,-0.2027365267276764,-0.43216994404792786,-0.18990880250930786,-0.6490399837493896,0.6530092358589172,0.0,0.0,284.20950046122454,132.52931309513616,21.0,Water,,0,Water,POINT Z (901617.280430821 1314998.7212338815 0)
231,0.10884333333333333,0.1567025,0.12260249999999999,0.047747500000000005,0.021998333333333342,300.04458248,-0.4434688687324524,-0.19305911660194397,-0.4434688687324524,-0.16732782125473022,-0.6960069537162781,0.6943712830543518,0.0,0.0,1192.1328281258766,233.23723065502537,21.0,Water,,0,Water,POINT Z (903031.8331694575 1316586.3627042505 0)
232,0.08262666666666668,0.08230583333333331,0.044951666666666674,0.03088083333333333,0.016434166666666677,299.62188734,-0.2033618986606598,-0.05322245508432388,-0.2033618986606598,-0.036857668310403824,-0.6225234270095825,1.0032600164413452,0.0,0.0,7002.014272752197,6532.529901033435,21.0,Water,,0,Water,POINT Z (907242.27876242 1310375.9554546303 0)
233,0.10535083333333334,0.19687083333333333,0.22464583333333335,0.12462833333333333,0.03012916666666667,300.89566945999997,-0.28867512941360474,-0.14963532984256744,-0.28867512941360474,-0.17698390781879425,-0.36663657426834106,0.535244345664978,0.0,0.0,518.3580572919386,114.07137494093487,7.0,Water,,0,Water,POINT Z (900342.423671152 1320354.6898684672 0)
234,0.10954916666666666,0.2008675,0.24253,0.15805916666666667,0.025270833333333336,299.11146302,-0.21368464827537537,-0.11869737505912781,-0.21368464827537537,-0.14139577746391296,-0.21016694605350494,0.5459586977958679,0.0,0.0,561.8420165403045,152.2119080916025,7.0,Water,,0,Water,POINT Z (900388.4776741463 1319719.144627145 0)
235,0.10476416666666666,0.18994999999999998,0.22719416666666667,0.17709833333333336,0.021200833333333335,300.7543913,-0.13738571107387543,-0.07609952986240387,-0.13738571107387543,-0.0859120637178421,-0.08097455650568008,0.5554302334785461,0.0,0.0,328.3843785875167,297.0686302617697,7.0,Water,,0,Water,POINT Z (900305.5804687565 1318816.486168456 0)
236,0.109485,0.19479000000000002,0.21435166666666663,0.12205250000000001,0.031100833333333338,300.09015608,-0.30409395694732666,-0.15207597613334656,-0.30409395694732666,-0.17109408974647522,-0.37582457065582275,0.5624815225601196,0.0,0.0,111.95783423238355,100.75485651013852,7.0,Water,,0,Water,POINT Z (901245.0821298411 1318494.1081474954 0)
237,0.10188583333333334,0.17758416666666665,0.208265,0.16273416666666665,0.021200833333333335,303.1470053,-0.12121310085058212,-0.06776836514472961,-0.12121310085058212,-0.07782597094774246,-0.0790230855345726,0.5774334669113159,0.0,0.0,477.9109838727125,104.86122202249692,7.0,Water,,0,Water,POINT Z (899937.1484448017 1318761.2213648628 0)
238,0.10397583333333334,0.19199416666666666,0.20787999999999998,0.10777083333333333,0.021246666666666653,300.07876268,-0.3415757417678833,-0.1630178987979889,-0.3415757417678833,-0.18788772821426392,-0.4414603114128113,0.5408940315246582,0.0,0.0,965.827937545382,141.73054142178498,7.0,Water,,0,Water,POINT Z (901263.5037310389 1319967.8362433147 0)
239,0.10469999999999999,0.18414750000000002,0.18467,0.07854749999999999,0.023478749999999993,299.80646042,-0.4036480784416199,-0.18932928144931793,-0.4036480784416199,-0.20860208570957184,-0.5737252235412598,0.5682860612869263,0.0,0.0,813.6244296142542,188.44233250398386,7.0,Water,,0,Water,POINT Z (901696.4113591857 1319083.5993858231 0)
240,0.10558,0.2040666666666667,0.2390741666666667,0.14867249999999999,0.030147499999999994,300.04230379999996,-0.25226065516471863,-0.12812015414237976,-0.25226065516471863,-0.1569434553384781,-0.27630582451820374,0.5163126587867737,0.0,0.0,643.4480760042788,86.3941983376413,7.0,Water,,0,Water,POINT Z (901899.0489723608 1320612.5922852354 0)
241,0.1136375,0.20769666666666667,0.24969833333333336,0.1641,0.03510666666666667,301.63851913999997,-0.20966069400310516,-0.1189030259847641,-0.20966069400310516,-0.1412893384695053,-0.20975269377231598,0.5473563075065613,0.0,0.0,198.89215301367483,24.089381392875563,7.0,Water,,0,Water,POINT Z (901585.8817519993 1320953.3919073935 0)
242,0.10796333333333334,0.20308583333333333,0.24317166666666667,0.17162583333333337,0.039735833333333324,303.23587382,-0.17398099601268768,-0.09803316742181778,-0.17398099601268768,-0.11772122234106064,-0.15346087515354156,0.5312177538871765,4.0,6.601748943328857,265.20175013874336,15.72209467222326,7.0,Water,,0,Water,POINT Z (901797.7301657733 1321331.0347319471 0)
243,0.10294000000000002,0.19293833333333332,0.22272083333333334,0.1323008333333333,0.025160833333333337,301.35938084000003,-0.26379552483558655,-0.13393494486808777,-0.26379552483558655,-0.16054320335388184,-0.31326115131378174,0.5332238078117371,0.0,0.0,488.9024504702588,77.06681421235825,7.0,Water,,0,Water,POINT Z (902046.4217819427 1321063.92151458 0)
244,0.10338000000000001,0.18850166666666665,0.20777,0.11764333333333334,0.028415000000000006,300.69856364000003,-0.3099055886268616,-0.14683178067207336,-0.3099055886268616,-0.1684698611497879,-0.38545161485671997,0.5479105114936829,0.0,0.0,185.9389622010858,65.22195056933676,7.0,Water,,0,Water,POINT Z (902506.9618118862 1320815.2298984106 0)
245,0.10058416666666664,0.18060916666666663,0.1812325,0.08437750000000001,0.03088083333333333,299.86228808000004,-0.39153870940208435,-0.17408886551856995,-0.39153870940208435,-0.1909143328666687,-0.544551432132721,0.5585700869560242,0.0,0.0,350.5346004594658,52.042011654481335,7.0,Water,,0,Water,POINT Z (902885.6998816722 1320194.3298053513 0)
246,0.10282083333333332,0.18009583333333334,0.17915166666666668,0.08188416666666669,0.02517000000000001,299.91469772,-0.39812254905700684,-0.17831003665924072,-0.39812254905700684,-0.1930118054151535,-0.5543492436408997,0.570956826210022,0.0,0.0,488.02456184530206,50.59753530346284,7.0,Water,,0,Water,POINT Z (903067.6416461889 1320098.5709819214 0)
247,0.097605,0.16758333333333333,0.16909583333333336,0.07588,0.0172225,300.37385174,-0.39344334602355957,-0.17273613810539246,-0.39344334602355957,-0.18816721439361572,-0.5510393977165222,0.5820518136024475,0.0,0.0,738.3627150230536,75.22890171311569,7.0,Water,,0,Water,POINT Z (902880.9119405006 1319816.0824528032 0)
248,0.101235,0.17212083333333336,0.16747333333333334,0.07196583333333333,0.016369999999999996,299.86684543999996,-0.4090850353240967,-0.1824006736278534,-0.4090850353240967,-0.19439281523227692,-0.5841003060340881,0.5880609154701233,0.0,0.0,1312.8170710765653,114.45971559807973,7.0,Water,,0,Water,POINT Z (902454.7851762376 1319298.9848062817 0)
249,0.10298583333333333,0.1778316666666667,0.16812416666666666,0.06684166666666666,0.01867083333333333,300.05027917999996,-0.44114771485328674,-0.19543929398059845,-0.44114771485328674,-0.20734696090221405,-0.6266338229179382,0.5789754390716553,0.0,0.0,1252.7704872856805,126.54167339229208,7.0,Water,,0,Water,POINT Z (902205.8122353199 1319227.1656887094 0)
250,0.09832916666666668,0.16125833333333334,0.15682166666666666,0.06818,0.019605833333333333,300.38524514,-0.40241605043411255,-0.1748373657464981,-0.40241605043411255,-0.18420839309692383,-0.5786966681480408,0.6096023917198181,0.0,0.0,998.1833809315657,112.63294249287384,7.0,Water,,0,Water,POINT Z (901980.7790002596 1319070.3606153429 0)
251,0.10115249999999999,0.1747791666666667,0.16485166666666665,0.07301083333333334,0.02773666666666667,300.5208266,-0.40312275290489197,-0.17731469869613647,-0.40312275290489197,-0.18643786013126373,-0.5908118486404419,0.5798155665397644,0.0,5.547544956207275,804.7497264217205,34.97514621277737,7.0,Water,,0,Water,POINT Z (903719.9986308052 1320179.9659818367 0)
252,0.09865916666666667,0.16503500000000002,0.14654583333333335,0.06401833333333333,0.024619999999999993,300.31688474,-0.40739426016807556,-0.1713615208864212,-0.40739426016807556,-0.17318515479564667,-0.6216404438018799,0.5993578433990479,0.0,0.0,1399.2957478886296,68.94761479680383,21.0,Water,,0,Water,POINT Z (904222.7324538121 1319849.5980410036 0)
253,0.09918166666666665,0.15860916666666666,0.14118333333333333,0.0641375,0.031852500000000006,300.6518507,-0.36543792486190796,-0.1580536812543869,-0.36543792486190796,-0.1591774821281433,-0.6050196886062622,0.6366332173347473,0.0,0.0,1756.5271292974323,116.43379052328716,21.0,Water,,0,Water,POINT Z (904328.067159585 1319437.835100255 0)
254,0.10815583333333333,0.17542083333333336,0.15350333333333332,0.06150666666666666,0.026086666666666664,300.02065634,-0.44319140911102295,-0.19667774438858032,-0.44319140911102295,-0.19182655215263367,-0.6570584774017334,0.6173186302185059,0.0,0.0,1636.495669829494,118.21387102112377,21.0,Water,,0,Water,POINT Z (903763.0901013486 1319176.8923064088 0)
255,0.11108000000000001,0.1662175,0.13631583333333333,0.057885833333333324,0.03099999999999999,299.85089468,-0.4132750928401947,-0.18844862282276154,-0.4132750928401947,-0.16955091059207916,-0.653971254825592,0.6687506437301636,0.0,0.0,1911.8358621518264,110.68151268982997,7.0,Water,,0,Water,POINT Z (903202.9009842838 1318214.5161309382 0)
256,0.08778749999999998,0.10283000000000002,0.07413833333333332,0.038324166666666666,0.02110916666666667,300.01268096,-0.29492253065109253,-0.10201119631528854,-0.29492253065109253,-0.08416905254125595,-0.6314362287521362,0.8966366648674011,0.0,0.0,2781.8679262833443,299.12120115577034,21.0,Water,,0,Water,POINT Z (905907.8261819534 1318985.7925325362 0)
257,0.08766833333333333,0.10364583333333334,0.07468833333333334,0.043292500000000005,0.02366666666666666,299.24134778,-0.24803796410560608,-0.0880318209528923,-0.24803796410560608,-0.07348348945379257,-0.5887516736984253,0.8716479539871216,0.0,0.0,784.6945978534446,195.29603249011393,21.0,Water,,0,Water,POINT Z (908801.8105236556 1322421.678324677 0)
